stage,sefariaTitle,hebrewTitle,schema,segments,missingSegments,alignedUnits,partialUnits,versionsUsable,versionsTotal,inTitleIndex,ambiguousWith
mishnah,A New Israeli Commentary on Pirkei Avot,פירוש ישראלי חדש על פרקי אבות,chapter,53,35,0,2,1,3,True,
mishnah,Bartenura on Mishnah Avodah Zarah,ברטנורא על משנה עבודה זרה,mishnah,264,0,5,0,1,1,True,
mishnah,Bartenura on Mishnah Bava Batra,ברטנורא על משנה בבא בתרא,mishnah,497,10,4,6,1,1,True,
mishnah,Bartenura on Mishnah Bava Kamma,ברטנורא על משנה בבא קמא,mishnah,325,7,6,4,2,2,True,
mishnah,Bartenura on Mishnah Bava Metzia,ברטנורא על משנה בבא מציעא,mishnah,469,4,8,2,2,2,True,
mishnah,Bartenura on Mishnah Beitzah,ברטנורא על משנה ביצה,mishnah,215,1,4,1,1,1,True,
mishnah,Bartenura on Mishnah Berakhot,ברטנורא על משנה ברכות,mishnah,222,0,8,1,2,2,True,
mishnah,Bartenura on Mishnah Bikkurim,ברטנורא על משנה ביכורים,mishnah,129,2,1,2,2,2,True,
mishnah,Bartenura on Mishnah Chagigah,ברטנורא על משנה חגיגה,mishnah,107,0,1,2,1,1,True,
mishnah,Bartenura on Mishnah Challah,ברטנורא על משנה חלה,mishnah,192,0,3,1,1,1,True,
mishnah,Bartenura on Mishnah Chullin,ברטנורא על משנה חולין,mishnah,510,1,7,5,2,2,True,
mishnah,Bartenura on Mishnah Eduyot,ברטנורא על משנה עדיות,mishnah,401,0,6,2,1,1,True,
mishnah,Bartenura on Mishnah Eruvin,ברטנורא על משנה עירובין,mishnah,453,5,6,4,2,2,True,
mishnah,Bartenura on Mishnah Gittin,ברטנורא על משנה גיטין,mishnah,339,3,6,3,1,1,True,
mishnah,Bartenura on Mishnah Horayot,ברטנורא על משנה הוריות,mishnah,88,0,3,0,2,2,True,
mishnah,Bartenura on Mishnah Kelim,ברטנורא על משנה כלים,mishnah,1,0,0,1,1,2,True,
mishnah,Bartenura on Mishnah Keritot,ברטנורא על משנה כריתות,mishnah,251,2,4,2,1,1,True,
mishnah,Bartenura on Mishnah Ketubot,ברטנורא על משנה כתובות,mishnah,386,3,9,4,2,2,True,
mishnah,Bartenura on Mishnah Kiddushin,ברטנורא על משנה קידושין,mishnah,173,0,4,0,1,1,True,
mishnah,Bartenura on Mishnah Kinnim,ברטנורא על משנה קינים,mishnah,69,0,3,0,1,1,True,
mishnah,Bartenura on Mishnah Maaser Sheni,ברטנורא על משנה מעשר שני,mishnah,270,2,2,3,1,1,True,
mishnah,Bartenura on Mishnah Maasrot,ברטנורא על משנה מעשרות,mishnah,244,8,0,5,1,1,True,
mishnah,Bartenura on Mishnah Makkot,ברטנורא על משנה מכות,mishnah,148,0,3,0,2,2,True,
mishnah,Bartenura on Mishnah Megillah,ברטנורא על משנה מגילה,mishnah,162,1,3,1,1,1,True,
mishnah,Bartenura on Mishnah Meilah,ברטנורא על משנה מעילה,mishnah,186,1,5,1,1,1,True,
mishnah,Bartenura on Mishnah Menachot,ברטנורא על משנה מנחות,mishnah,6,5,0,1,1,2,True,
mishnah,Bartenura on Mishnah Middot,ברטנורא על משנה מדות,mishnah,22,0,0,1,1,2,True,
mishnah,Bartenura on Mishnah Mikvaot,ברטנורא על משנה מקואות,mishnah,12,0,0,1,1,2,True,
mishnah,Bartenura on Mishnah Moed Katan,ברטנורא על משנה מועד קטן,mishnah,131,0,3,0,1,1,True,
mishnah,Bartenura on Mishnah Nedarim,ברטנורא על משנה נדרים,mishnah,331,1,10,1,1,1,True,
mishnah,Bartenura on Mishnah Orlah,ברטנורא על משנה ערלה,mishnah,123,0,2,1,2,2,True,
mishnah,Bartenura on Mishnah Peah,ברטנורא על משנה פאה,mishnah,279,0,8,0,2,2,True,
mishnah,Bartenura on Mishnah Pesachim,ברטנורא על משנה פסחים,mishnah,435,2,8,2,2,2,True,
mishnah,Bartenura on Mishnah Rosh Hashanah,ברטנורא על משנה ראש השנה,mishnah,141,1,2,2,1,1,True,
mishnah,Bartenura on Mishnah Sanhedrin,ברטנורא על משנה סנהדרין,mishnah,394,1,9,2,1,1,True,
mishnah,Bartenura on Mishnah Shabbat,ברטנורא על משנה שבת,mishnah,881,12,13,11,2,2,True,
mishnah,Bartenura on Mishnah Shekalim,ברטנורא על משנה שקלים,mishnah,273,4,5,3,1,1,True,
mishnah,Bartenura on Mishnah Shevuot,ברטנורא על משנה שבועות,mishnah,222,2,6,2,1,1,True,
mishnah,Bartenura on Mishnah Sotah,ברטנורא על משנה סוטה,mishnah,314,4,3,6,1,1,True,
mishnah,Bartenura on Mishnah Sukkah,ברטנורא על משנה סוכה,mishnah,229,0,4,1,1,1,True,
mishnah,Bartenura on Mishnah Taanit,ברטנורא על משנה תענית,mishnah,1,0,0,1,1,2,True,
mishnah,Bartenura on Mishnah Tamid,ברטנורא על משנה תמיד,mishnah,210,0,7,0,1,1,True,
mishnah,Bartenura on Mishnah Terumot,ברטנורא על משנה תרומות,mishnah,404,1,8,3,1,1,True,
mishnah,Bartenura on Mishnah Yadayim,ברטנורא על משנה ידים,mishnah,3,2,0,1,1,2,True,
mishnah,Bartenura on Mishnah Yevamot,ברטנורא על משנה יבמות,mishnah,447,6,8,8,1,1,True,
mishnah,Bartenura on Mishnah Yoma,ברטנורא על משנה יומא,mishnah,274,1,7,1,2,2,True,
mishnah,Bartenura on Pirkei Avot,ברטנורא על משנה אבות,mishnah,416,0,5,0,2,2,True,
mishnah,Boaz on Mishnah Berakhot,בועז על משנה ברכות,chapter,1,0,0,1,1,1,True,
mishnah,Boaz on Mishnah Yoma,בועז על משנה יומא,chapter,3,2,0,1,1,1,True,
mishnah,Boaz on Pirkei Avot,בועז על משנה אבות,chapter,1,0,0,1,1,1,True,
mishnah,Derekh Chayyim,דרך חיים,chapter,84,1,0,5,1,4,True,
mishnah,Eliyahu Rabbah on Mishnah Kelim,אליהו רבא על משנה כלים,mishnah,6,5,0,1,1,1,True,
mishnah,Eliyahu Rabbah on Mishnah Negaim,אליהו רבא על משנה נגעים,mishnah,1,0,0,1,1,1,True,
mishnah,English Explanation of Mishnah Arakhin,ביאור אנגלי על משנה ערכין,chapter,196,0,0,2,1,1,True,
mishnah,English Explanation of Mishnah Avodah Zarah,ביאור אנגלי על משנה עבודה זרה,chapter,155,0,0,5,1,1,True,
mishnah,English Explanation of Mishnah Bava Batra,ביאור אנגלי על משנה בבא בתרא,mishnah,250,0,0,10,1,1,True,
mishnah,English Explanation of Mishnah Bava Kamma,ביאור אנגלי על משנה בבא קמא,chapter,171,0,0,2,1,1,True,
mishnah,English Explanation of Mishnah Bava Metzia,ביאור אנגלי על משנה בבא מציעא,mishnah,302,0,0,10,1,1,True,
mishnah,English Explanation of Mishnah Beitzah,ביאור אנגלי על משנה ביצה,chapter,164,0,0,2,1,1,True,
mishnah,English Explanation of Mishnah Bekhorot,ביאור אנגלי על משנה בכורות,chapter,303,0,0,2,1,1,True,
mishnah,English Explanation of Mishnah Berakhot,ביאור אנגלי על משנה ברכות,mishnah,185,0,0,9,1,1,True,
mishnah,English Explanation of Mishnah Bikkurim,ביאור אנגלי על משנה ביכורים,chapter,157,0,0,2,1,1,True,
mishnah,English Explanation of Mishnah Chagigah,ביאור אנגלי על משנה חגיגה,chapter,83,0,0,2,1,1,True,
mishnah,English Explanation of Mishnah Challah,ביאור אנגלי על משנה חלה,chapter,162,0,0,2,1,1,True,
mishnah,English Explanation of Mishnah Chullin,ביאור אנגלי על משנה חולין,chapter,312,0,0,2,1,1,True,
mishnah,English Explanation of Mishnah Demai,ביאור אנגלי על משנה דמאי,chapter,182,0,0,2,1,1,True,
mishnah,English Explanation of Mishnah Eduyot,ביאור אנגלי על משנה עדיות,chapter,262,0,0,8,1,1,True,
mishnah,English Explanation of Mishnah Eruvin,ביאור אנגלי על משנה עירובין,chapter,343,0,0,2,1,1,True,
mishnah,English Explanation of Mishnah Gittin,ביאור אנגלי על משנה גיטין,chapter,273,0,0,2,1,1,True,
mishnah,English Explanation of Mishnah Horayot,ביאור אנגלי על משנה הוריות,chapter,63,0,0,2,1,1,True,
mishnah,English Explanation of Mishnah Kelim,ביאור אנגלי על משנה כלים,chapter,908,0,0,2,1,1,True,
mishnah,English Explanation of Mishnah Keritot,ביאור אנגלי על משנה כריתות,chapter,181,0,0,2,1,1,True,
mishnah,English Explanation of Mishnah Ketubot,ביאור אנגלי על משנה כתובות,chapter,378,0,0,2,1,1,True,
mishnah,English Explanation of Mishnah Kiddushin,ביאור אנגלי על משנה קידושין,chapter,172,0,0,2,1,1,True,
mishnah,English Explanation of Mishnah Kilayim,ביאור אנגלי על משנה כלאים,chapter,286,0,0,9,1,1,True,
mishnah,English Explanation of Mishnah Kinnim,ביאור אנגלי על משנה קינים,chapter,63,0,0,2,1,1,True,
mishnah,English Explanation of Mishnah Maaser Sheni,ביאור אנגלי על משנה מעשר שני,chapter,232,0,0,2,1,1,True,
mishnah,English Explanation of Mishnah Maasrot,ביאור אנגלי על משנה מעשרות,chapter,5,0,0,1,2,2,True,
mishnah,English Explanation of Mishnah Makhshirin,ביאור אנגלי על משנה מכשירין,chapter,185,0,0,2,1,1,True,
mishnah,English Explanation of Mishnah Makkot,ביאור אנגלי על משנה מכות,chapter,126,0,0,3,1,1,True,
mishnah,English Explanation of Mishnah Megillah,ביאור אנגלי על משנה מגילה,chapter,126,0,0,2,1,1,True,
mishnah,English Explanation of Mishnah Meilah,ביאור אנגלי על משנה מעילה,chapter,130,0,0,2,1,1,True,
mishnah,English Explanation of Mishnah Menachot,ביאור אנגלי על משנה מנחות,chapter,391,0,0,2,1,1,True,
mishnah,English Explanation of Mishnah Middot,ביאור אנגלי על משנה מדות,chapter,111,0,0,2,1,1,True,
mishnah,English Explanation of Mishnah Mikvaot,ביאור אנגלי על משנה מקואות,chapter,228,0,0,2,1,1,True,
mishnah,English Explanation of Mishnah Moed Katan,ביאור אנגלי על משנה מועד קטן,chapter,84,0,0,2,1,1,True,
mishnah,English Explanation of Mishnah Nazir,ביאור אנגלי על משנה נזיר,chapter,192,0,0,2,1,1,True,
mishnah,English Explanation of Mishnah Nedarim,ביאור אנגלי על משנה נדרים,chapter,304,0,0,2,1,1,True,
mishnah,English Explanation of Mishnah Negaim,ביאור אנגלי על משנה נגעים,chapter,445,0,0,2,1,1,True,
mishnah,English Explanation of Mishnah Niddah,ביאור אנגלי על משנה נדה,chapter,267,0,0,2,1,1,True,
mishnah,English Explanation of Mishnah Oholot,ביאור אנגלי על משנה אהלות,chapter,472,0,0,2,1,1,True,
mishnah,English Explanation of Mishnah Oktzin,ביאור אנגלי על משנה עוקצים,chapter,90,0,0,2,1,1,True,
mishnah,English Explanation of Mishnah Orlah,ביאור אנגלי על משנה ערלה,chapter,122,0,0,2,1,1,True,
mishnah,English Explanation of Mishnah Parah,ביאור אנגלי על משנה פרה,chapter,340,0,0,2,1,1,True,
mishnah,English Explanation of Mishnah Peah,ביאור אנגלי על משנה פאה,chapter,246,0,0,2,1,1,True,
mishnah,English Explanation of Mishnah Pesachim,ביאור אנגלי על משנה פסחים,chapter,345,0,0,2,1,1,True,
mishnah,English Explanation of Mishnah Rosh Hashanah,ביאור אנגלי על משנה ראש השנה,chapter,130,0,0,2,1,1,True,
mishnah,English Explanation of Mishnah Sanhedrin,ביאור אנגלי על משנה סנהדרין,chapter,241,0,0,11,1,1,True,
mishnah,English Explanation of Mishnah Shabbat,ביאור אנגלי על משנה שבת,chapter,525,0,0,2,1,1,True,
mishnah,English Explanation of Mishnah Shekalim,ביאור אנגלי על משנה שקלים,chapter,203,0,0,2,1,1,True,
mishnah,English Explanation of Mishnah Sheviit,ביאור אנגלי על משנה שביעית,chapter,350,0,0,10,1,1,True,
mishnah,English Explanation of Mishnah Shevuot,ביאור אנגלי על משנה שבועות,chapter,234,0,0,8,1,1,True,
mishnah,English Explanation of Mishnah Sotah,ביאור אנגלי על משנה סוטה,chapter,270,0,0,2,1,1,True,
mishnah,English Explanation of Mishnah Sukkah,ביאור אנגלי על משנה סוכה,chapter,190,0,0,2,1,1,True,
mishnah,English Explanation of Mishnah Taanit,ביאור אנגלי על משנה תענית,chapter,116,0,0,2,1,1,True,
mishnah,English Explanation of Mishnah Tahorot,ביאור אנגלי על משנה טהרות,chapter,305,0,0,2,1,1,True,
mishnah,English Explanation of Mishnah Tamid,ביאור אנגלי על משנה תמיד,chapter,125,0,0,2,1,1,True,
mishnah,English Explanation of Mishnah Temurah,ביאור אנגלי על משנה תמורה,chapter,136,0,0,2,1,1,True,
mishnah,English Explanation of Mishnah Terumot,ביאור אנגלי על משנה תרומות,chapter,358,0,0,2,1,1,True,
mishnah,English Explanation of Mishnah Tevul Yom,ביאור אנגלי על משנה טבול יום,chapter,89,0,0,2,1,1,True,
mishnah,English Explanation of Mishnah Yadayim,ביאור אנגלי על משנה ידים,chapter,97,0,0,2,1,1,True,
mishnah,English Explanation of Mishnah Yevamot,ביאור אנגלי על משנה יבמות,chapter,471,0,0,2,1,1,True,
mishnah,English Explanation of Mishnah Yoma,ביאור אנגלי על משנה יומא,chapter,220,0,0,2,1,1,True,
mishnah,English Explanation of Mishnah Zavim,ביאור אנגלי על משנה זבים,chapter,120,0,0,2,1,1,True,
mishnah,English Explanation of Mishnah Zevachim,ביאור אנגלי על משנה זבחים,chapter,380,0,0,2,1,1,True,
mishnah,English Explanation of Pirkei Avot,ביאור אנגלי על משנה אבות,chapter,236,0,0,6,1,1,True,
mishnah,Ikar Tosafot Yom Tov on Mishnah Berakhot,עיקר תוספות יום טוב על משנה ברכות,mishnah,2,0,0,1,1,1,True,
mishnah,Ikar Tosafot Yom Tov on Mishnah Nazir,עיקר תוספות יום טוב על משנה נזיר,mishnah,2,0,0,1,1,1,True,
mishnah,Ikar Tosafot Yom Tov on Mishnah Rosh Hashanah,עיקר תוספות יום טוב על משנה ראש השנה,mishnah,17,16,0,1,1,1,True,
mishnah,Ikar Tosafot Yom Tov on Mishnah Sanhedrin,עיקר תוספות יום טוב על משנה סנהדרין,mishnah,11,9,0,1,1,1,True,
mishnah,Ikar Tosafot Yom Tov on Mishnah Sotah,עיקר תוספות יום טוב על משנה סוטה,mishnah,1,0,0,1,1,1,True,
mishnah,Ikar Tosafot Yom Tov on Mishnah Yoma,עיקר תוספות יום טוב על משנה יומא,mishnah,1,0,0,1,1,1,True,
mishnah,Ikar Tosafot Yom Tov on Pirkei Avot,עיקר תוספות יום טוב על משנה אבות,mishnah,290,0,5,0,1,1,True,
mishnah,Marit HaAyin on Pirkei Avot,מראית העין על משנה אבות,mishnah,2,1,0,1,1,1,True,
mishnah,Midrash Shmuel on Avot,מדרש שמואל על אבות,chapter,24,22,0,2,1,1,True,
mishnah,Mishnah Arakhin,משנה ערכין,mishnah,50,0,9,0,2,6,True,ערכין => Arakhin
mishnah,Mishnah Avodah Zarah,משנה עבודה זרה,mishnah,50,0,5,0,4,9,True,עבודה זרה => Avodah Zarah
mishnah,Mishnah Bava Batra,משנה בבא בתרא,mishnah,86,0,10,0,3,8,True,בבא בתרא => Bava Batra
mishnah,Mishnah Bava Kamma,משנה בבא קמא,mishnah,79,0,10,0,4,10,True,בבא קמא => Bava Kamma
mishnah,Mishnah Bava Metzia,משנה בבא מציעא,mishnah,101,0,10,0,4,9,True,בבא מציעא => Bava Metzia
mishnah,Mishnah Beitzah,משנה ביצה,mishnah,42,0,5,0,4,9,True,ביצה => Beitzah
mishnah,Mishnah Bekhorot,משנה בכורות,mishnah,73,0,9,0,2,6,True,בכורות => Bekhorot
mishnah,Mishnah Berakhot,משנה ברכות,mishnah,57,0,9,0,5,11,True,ברכות => Berakhot
mishnah,Mishnah Bikkurim,משנה ביכורים,mishnah,39,0,4,0,3,7,True,
mishnah,Mishnah Chagigah,משנה חגיגה,mishnah,23,0,3,0,4,9,True,חגיגה => Chagigah
mishnah,Mishnah Challah,משנה חלה,mishnah,38,0,4,0,2,6,True,
mishnah,Mishnah Chullin,משנה חולין,mishnah,74,0,12,0,3,7,True,חולין => Chullin
mishnah,Mishnah Demai,משנה דמאי,mishnah,53,0,7,0,3,7,True,
mishnah,Mishnah Eduyot,משנה עדיות,mishnah,74,0,8,0,3,6,True,
mishnah,Mishnah Eruvin,משנה עירובין,mishnah,96,0,10,0,5,11,True,עירובין => Eruvin
mishnah,Mishnah Gittin,משנה גיטין,mishnah,75,0,9,0,4,9,True,גיטין => Gittin
mishnah,Mishnah Horayot,משנה הוריות,mishnah,20,0,3,0,3,8,True,הוריות => Horayot
mishnah,Mishnah Kelim,משנה כלים,mishnah,254,0,30,0,2,4,True,
mishnah,Mishnah Keritot,משנה כריתות,mishnah,43,0,6,0,3,7,True,כריתות => Keritot
mishnah,Mishnah Ketubot,משנה כתובות,mishnah,111,0,13,0,4,9,True,כתובות => Ketubot
mishnah,Mishnah Kiddushin,משנה קידושין,mishnah,47,0,4,0,4,9,True,קידושין => Kiddushin
mishnah,Mishnah Kilayim,משנה כלאים,mishnah,77,0,9,0,3,7,True,
mishnah,Mishnah Kinnim,משנה קינים,mishnah,15,0,3,0,3,6,True,
mishnah,Mishnah Maaser Sheni,משנה מעשר שני,mishnah,57,0,5,0,2,6,True,
mishnah,Mishnah Maasrot,משנה מעשרות,mishnah,40,0,5,0,2,6,True,
mishnah,Mishnah Makhshirin,משנה מכשירין,mishnah,54,0,6,0,2,4,True,
mishnah,Mishnah Makkot,משנה מכות,mishnah,34,0,3,0,4,9,True,מכות => Makkot
mishnah,Mishnah Megillah,משנה מגילה,mishnah,33,0,4,0,3,10,True,מגילה => Megillah
mishnah,Mishnah Meilah,משנה מעילה,mishnah,38,0,6,0,2,6,True,מעילה => Meilah
mishnah,Mishnah Menachot,משנה מנחות,mishnah,93,0,13,0,2,5,True,מנחות => Menachot
mishnah,Mishnah Middot,משנה מדות,mishnah,34,0,5,0,2,5,True,
mishnah,Mishnah Mikvaot,משנה מקואות,mishnah,71,0,10,0,2,5,True,
mishnah,Mishnah Moed Katan,משנה מועד קטן,mishnah,24,0,3,0,4,9,True,מועד קטן => Moed Katan
mishnah,Mishnah Nazir,משנה נזיר,mishnah,60,0,9,0,3,8,True,נזיר => Nazir
mishnah,Mishnah Nedarim,משנה נדרים,mishnah,90,0,11,0,3,8,True,נדרים => Nedarim
mishnah,Mishnah Negaim,משנה נגעים,mishnah,115,0,14,0,2,3,True,
mishnah,Mishnah Niddah,משנה נדה,mishnah,79,0,10,0,2,6,True,נדה => Niddah
mishnah,Mishnah Oholot,משנה אהלות,mishnah,134,0,18,0,2,3,True,
mishnah,Mishnah Oktzin,משנה עוקצים,mishnah,28,0,3,0,3,5,True,
mishnah,Mishnah Orlah,משנה ערלה,mishnah,35,0,3,0,3,7,True,
mishnah,Mishnah Parah,משנה פרה,mishnah,96,0,12,0,3,5,True,
mishnah,Mishnah Peah,משנה פאה,mishnah,69,0,8,0,3,7,True,
mishnah,Mishnah Pesachim,משנה פסחים,mishnah,89,0,10,0,5,10,True,פסחים => Pesachim
mishnah,Mishnah Rosh Hashanah,משנה ראש השנה,mishnah,35,0,4,0,5,10,True,ראש השנה => Rosh Hashanah
mishnah,Mishnah Sanhedrin,משנה סנהדרין,mishnah,71,0,11,0,4,9,True,סנהדרין => Sanhedrin
mishnah,Mishnah Shabbat,משנה שבת,mishnah,139,0,24,0,5,11,True,שבת => Shabbat
mishnah,Mishnah Shekalim,משנה שקלים,mishnah,52,0,8,0,3,8,True,
mishnah,Mishnah Sheviit,משנה שביעית,mishnah,89,0,10,0,2,6,True,
mishnah,Mishnah Shevuot,משנה שבועות,mishnah,62,0,8,0,4,9,True,שבועות => Shevuot
mishnah,Mishnah Sotah,משנה סוטה,mishnah,67,0,9,0,2,7,True,סוטה => Sotah
mishnah,Mishnah Sukkah,משנה סוכה,mishnah,53,0,5,0,5,11,True,סוכה => Sukkah
mishnah,Mishnah Ta'anit,משנה תענית,mishnah,34,0,4,0,4,10,True,תענית => Taanit
mishnah,Mishnah Tahorot,משנה טהרות,mishnah,92,0,10,0,2,4,True,
mishnah,Mishnah Tamid,משנה תמיד,mishnah,34,0,7,0,3,7,True,תמיד => Tamid
mishnah,Mishnah Temurah,משנה תמורה,mishnah,35,0,7,0,2,7,True,תמורה => Temurah
mishnah,Mishnah Terumot,משנה תרומות,mishnah,101,0,11,0,2,7,True,
mishnah,Mishnah Tevul Yom,משנה טבול יום,mishnah,26,0,4,0,2,4,True,
mishnah,Mishnah Yadayim,משנה ידים,mishnah,22,0,4,0,2,4,True,
mishnah,Mishnah Yevamot,משנה יבמות,mishnah,128,0,16,0,4,9,True,יבמות => Yevamot
mishnah,Mishnah Yoma,משנה יומא,mishnah,61,0,8,0,6,11,True,יומא => Yoma
mishnah,Mishnah Zavim,משנה זבים,mishnah,32,0,5,0,2,4,True,
mishnah,Mishnah Zevachim,משנה זבחים,mishnah,101,0,14,0,2,6,True,זבחים => Zevachim
mishnah,Mishnat Eretz Yisrael on Mishnah Ketubot,משנת ארץ ישראל על משנה כתובות,chapter,15,13,0,1,1,1,True,
mishnah,Mishnat Eretz Yisrael on Mishnah Kilayim,משנת ארץ ישראל על משנה כלאים,chapter,2,1,0,1,1,1,True,
mishnah,Mishnat Eretz Yisrael on Mishnah Megillah,משנת ארץ ישראל על משנה מגילה,chapter,2,1,0,1,1,1,True,
mishnah,Mishnat Eretz Yisrael on Mishnah Rosh Hashanah,משנת ארץ ישראל על משנה ראש השנה,chapter,73,63,0,2,1,1,True,
mishnah,Mishnat Eretz Yisrael on Mishnah Sanhedrin,משנת ארץ ישראל על משנה סנהדרין,chapter,3,2,0,1,1,1,True,
mishnah,Mishnat Eretz Yisrael on Mishnah Taanit,משנת ארץ ישראל על משנה תענית,chapter,3,2,0,1,1,1,True,
mishnah,Mishnat Eretz Yisrael on Pirkei Avot,משנת ארץ ישראל על משנה אבות,chapter,66,54,1,1,1,2,True,
mishnah,Nachalat Avot on Avot,נחלת אבות על אבות,chapter,1,0,0,1,1,1,True,
mishnah,Pirkei Avot,משנה אבות,mishnah,108,0,6,0,5,15,True,
mishnah,Rabbeinu Yonah on Pirkei Avot,רבינו יונה על פרקי אבות,mishnah,438,1,4,1,1,1,True,
mishnah,Rambam Introduction to Seder Tahorot,"רמב""ם הקדמה לסדר טהרות",chapter,5,0,5,0,1,1,True,
mishnah,Rambam Introduction to the Mishnah,"הקדמת הרמב""ם למשנה",chapter,466,0,29,0,1,1,True,
mishnah,Rambam on Mishnah Avodah Zarah,"רמב""ם על משנה עבודה זרה",mishnah,7,0,0,2,1,1,True,
mishnah,Rambam on Mishnah Bava Batra,"רמב""ם על משנה בבא בתרא",mishnah,8,0,0,1,1,1,True,
mishnah,Rambam on Mishnah Bava Kamma,"רמב""ם על משנה בבא קמא",mishnah,159,0,2,8,1,1,True,
mishnah,Rambam on Mishnah Bava Metzia,"רמב""ם על משנה בבא מציעא",mishnah,23,0,0,4,1,1,True,
mishnah,Rambam on Mishnah Bekhorot,"רמב""ם על משנה בכורות",mishnah,9,0,0,1,1,1,True,
mishnah,Rambam on Mishnah Berakhot,"רמב""ם על משנה ברכות",mishnah,1,0,0,1,1,1,True,
mishnah,Rambam on Mishnah Challah,"רמב""ם על משנה חלה",mishnah,9,0,0,1,1,1,True,
mishnah,Rambam on Mishnah Chullin,"רמב""ם על משנה חולין",mishnah,1,0,0,1,1,1,True,
mishnah,Rambam on Mishnah Eduyot,"רמב""ם על משנה עדיות",mishnah,1,0,0,1,1,1,True,
mishnah,Rambam on Mishnah Eruvin,"רמב""ם על משנה עירובין",mishnah,2,0,0,1,1,1,True,
mishnah,Rambam on Mishnah Horayot,"רמב""ם על משנה הוריות",chapter,4,0,0,2,1,1,True,
mishnah,Rambam on Mishnah Ketubot,"רמב""ם על משנה כתובות",mishnah,4,0,0,2,1,1,True,
mishnah,Rambam on Mishnah Kiddushin,"רמב""ם על משנה קידושין",mishnah,1,0,0,1,1,1,True,
mishnah,Rambam on Mishnah Makkot,"רמב""ם על משנה מכות",mishnah,1,0,0,1,1,1,True,
mishnah,Rambam on Mishnah Niddah,"רמב""ם על משנה נדה",mishnah,8,0,0,2,1,1,True,
mishnah,Rambam on Mishnah Pesachim,"רמב""ם על משנה פסחים",mishnah,8,7,0,1,1,2,True,
mishnah,Rambam on Mishnah Sanhedrin,"רמב""ם על משנה סנהדרין",mishnah,31,0,0,2,1,2,True,
mishnah,Rambam on Mishnah Terumot,"רמב""ם על משנה תרומות",mishnah,4,0,0,1,1,1,True,
mishnah,Rambam on Mishnah Yadayim,"רמב""ם על משנה ידים",chapter,5,0,0,2,1,1,True,
mishnah,Rambam on Mishnah Yevamot,"רמב""ם על משנה יבמות",mishnah,2,0,0,1,1,1,True,
mishnah,Rambam on Mishnah Zevachim,"רמב""ם על משנה זבחים",mishnah,4,0,0,1,1,1,True,
mishnah,Rambam on Pirkei Avot,"רמב""ם על משנה אבות",mishnah,118,0,5,0,1,3,True,
mishnah,Rash MiShantz on Mishnah Oholot,"ר""ש משאנץ על משנה אהלות",mishnah,2,0,0,1,1,1,True,
mishnah,Rashi on Avot,"רש""י על משנה אבות",mishnah,81,14,0,4,1,1,True,
mishnah,Tosafot Yom Tov Introduction to the Mishnah,הקדמת תוספות יום טוב למשנה,chapter,31,0,31,0,1,3,True,
mishnah,Tosafot Yom Tov on Mishnah Negaim,תוספות יום טוב על משנה נגעים,chapter,1,0,0,1,1,1,True,
mishnah,Tosafot Yom Tov on Mishnah Oholot,תוספות יום טוב על משנה אהלות,chapter,3,2,0,1,1,1,True,
mishnah,Tosafot Yom Tov on Mishnah Pesachim,תוספות יום טוב על משנה פסחים,chapter,1,0,0,1,1,1,True,
mishnah,Tosafot Yom Tov on Pirkei Avot,תוספות יום טוב על משנה אבות,chapter,369,0,2,0,1,1,True,
mishnah,Yachin on Mishnah Bava Batra,יכין בבא בתרא,siman,2,0,0,1,1,1,True,
mishnah,Yachin on Mishnah Challah,יכין חלה,siman,3,0,0,1,1,1,True,
mishnah,Yachin on Mishnah Maasrot,יכין מעשרות,siman,3,1,0,1,1,1,True,
mishnah,Yachin on Mishnah Pesachim,יכין פסחים,siman,1,0,0,1,1,1,True,
mishnah,Yachin on Mishnah Taanit,יכין תענית,siman,2,0,0,1,1,1,True,
mishnah,Yachin on Mishnah Tamid,יכין תמיד,siman,13,6,0,1,1,1,True,
mishnah,Yachin on Mishnah Yadayim,יכין ידים,siman,1,0,0,1,1,1,True,
mishnah,Yachin on Pirkei Avot,יכין אבות,siman,9,0,0,3,1,1,True,
talmud,Abraham Cohen Footnotes to the English Translation of Masechet Berakhot,הערות באנגלית של אברהם כהן על מסכת ברכות,daf,2997,0,0,124,1,1,True,
talmud,Ahevukha Ad Mavet,אֲהֵבוּךָ עַד מָוֶת,chapter,4,0,0,1,1,1,True,
talmud,Arakhin,ערכין,daf,71,51,0,7,2,4,True,ערכין => Mishnah Arakhin
talmud,Avodah Zarah,עבודה זרה,daf,162,99,3,14,2,6,True,עבודה זרה => Mishnah Avodah Zarah
talmud,Avot DeRabbi Natan,אבות דרבי נתן,halakha,253,0,41,0,3,5,True,
talmud,"Avot DeRabbi Natan, Recension B",אבות דרבי נתן נוסח ב,chapter,23,20,0,3,1,1,True,
talmud,Bava Batra,בבא בתרא,daf,125,63,2,20,2,5,True,בבא בתרא => Mishnah Bava Batra
talmud,Bava Kamma,בבא קמא,daf,693,396,2,56,1,6,True,בבא קמא => Mishnah Bava Kamma
talmud,Bava Metzia,בבא מציעא,daf,417,151,8,38,1,8,True,בבא מציעא => Mishnah Bava Metzia
talmud,Beitzah,ביצה,daf,143,26,8,4,1,3,True,ביצה => Mishnah Beitzah
talmud,Bekhorot,בכורות,daf,20,17,0,1,1,3,True,בכורות => Mishnah Bekhorot
talmud,Ben Yehoyada on Arakhin,בן יהוידע על ערכין,daf,2,1,0,1,1,1,True,
talmud,Ben Yehoyada on Bava Metzia,בן יהוידע על בבא מציעא,daf,4,2,0,1,1,1,True,
talmud,Ben Yehoyada on Berakhot,בן יהוידע על ברכות,chapter,21,0,0,2,1,2,True,
talmud,Ben Yehoyada on Eruvin,בן יהוידע על עירובין,daf,13,11,0,2,1,1,True,
talmud,Ben Yehoyada on Shabbat,בן יהוידע על שבת,daf,27,22,0,3,1,1,True,
talmud,Ben Yehoyada on Yevamot,בן יהוידע על יבמות,daf,7,6,0,1,1,1,True,
talmud,Berakhot,ברכות,daf,2749,0,125,0,3,9,True,ברכות => Mishnah Berakhot
talmud,Binyan Yehoshua on Avot D'Rabbi Natan,בנין יהושע על אבות דרבי נתן,halakha,21,12,0,3,1,1,True,
talmud,Chagigah,חגיגה,daf,512,14,26,9,2,6,True,חגיגה => Mishnah Chagigah
talmud,Chiddushei Ramban on Avodah Zarah,"חידושי רמב""ן על עבודה זרה",daf,3,0,1,1,1,1,True,
talmud,Chiddushei Ramban on Bava Metzia,"חידושי רמב""ן על בבא מציעא",daf,5,0,0,1,1,1,True,
talmud,Chiddushei Ramban on Berakhot,"חידושי רמב""ן על ברכות",daf,1,0,1,0,1,1,True,
talmud,Chiddushei Ramban on Yoma,"חידושי רמב""ן על יומא",daf,2,0,1,0,1,1,True,
talmud,Chidushei Agadot on Avodah Zarah,חידושי אגדות על עבודה זרה,daf,19,13,0,3,1,1,True,
talmud,Chidushei Agadot on Bava Batra,חידושי אגדות על בבא בתרא,daf,13,12,0,1,1,1,True,
talmud,Chidushei Agadot on Bava Metzia,חידושי אגדות על בבא מציעא,daf,12,6,1,1,1,1,True,
talmud,Chidushei Agadot on Bekhorot,חידושי אגדות על בכורות,daf,2,1,0,1,1,1,True,
talmud,Chidushei Agadot on Berakhot,חידושי אגדות על ברכות,daf,23,7,0,5,1,2,True,
talmud,Chidushei Agadot on Chagigah,חידושי אגדות על חגיגה,daf,38,7,2,2,1,1,True,
talmud,Chidushei Agadot on Chullin,חידושי אגדות על חולין,daf,10,2,1,1,1,1,True,
talmud,Chidushei Agadot on Eruvin,חידושי אגדות על עירובין,daf,5,1,0,2,1,1,True,
talmud,Chidushei Agadot on Gittin,חידושי אגדות על גיטין,daf,35,1,2,2,1,1,True,
talmud,Chidushei Agadot on Kiddushin,חידושי אגדות על קידושין,daf,2,0,0,1,1,1,True,
talmud,Chidushei Agadot on Megillah,חידושי אגדות על מגילה,daf,2,1,0,1,1,1,True,
talmud,Chidushei Agadot on Menachot,חידושי אגדות על מנחות,daf,1,0,0,1,1,1,True,
talmud,Chidushei Agadot on Nedarim,חידושי אגדות על נדרים,daf,3,0,0,1,1,1,True,
talmud,Chidushei Agadot on Sanhedrin,חידושי אגדות על סנהדרין,daf,20,8,0,3,1,1,True,
talmud,Chidushei Agadot on Shabbat,חידושי אגדות על שבת,daf,48,12,0,7,1,1,True,
talmud,Chidushei Agadot on Sotah,חידושי אגדות על סוטה,daf,5,3,0,2,1,1,True,
talmud,Chidushei Agadot on Taanit,חידושי אגדות על תענית,daf,33,10,0,4,1,1,True,
talmud,Chidushei Agadot on Yoma,חידושי אגדות על יומא,daf,14,9,1,2,1,1,True,
talmud,Chidushei Chatam Sofer on Gittin,חידושי חתם סופר על גיטין,daf,1,0,0,1,1,1,True,
talmud,Chidushei Chatam Sofer on Niddah,חידושי חתם סופר על נדה,daf,1,0,0,1,1,1,True,
talmud,Chidushei Chatam Sofer on Pesachim,חידושי חתם סופר על פסחים,daf,5,3,0,1,1,1,True,
talmud,Chidushei Chatam Sofer on Shabbat,חידושי חתם סופר על שבת,daf,4,3,0,1,1,1,True,
talmud,Chidushei Chatam Sofer on Sukkah,חידושי חתם סופר על סוכה,daf,4,3,0,1,1,1,True,
talmud,Chidushei Halachot on Avodah Zarah,חדושי הלכות על עבודה זרה,daf,3,0,1,0,1,1,True,
talmud,Chidushei Halachot on Bava Metzia,חדושי הלכות על בבא מציעא,daf,3,2,0,1,1,1,True,
talmud,Chidushei Halachot on Ketubot, חידושי הלכות על מסכת כתובות,daf,1,0,0,1,1,1,True,
talmud,Chullin,חולין,daf,230,129,1,26,2,5,True,חולין => Mishnah Chullin
talmud,Daf Shevui to Kiddushin,דף שבועי על קידושין,daf,2218,0,0,142,1,1,True,
talmud,Daf Shevui to Megillah,דף שבועי על מגילה,daf,988,0,0,61,1,1,True,
talmud,Daf Shevui to Sukkah,דף שבועי על סוכה,daf,1475,0,0,110,1,1,True,
talmud,Darkhei HaTalmud,דרכי התלמוד,chapter,2,0,0,1,1,1,True,
talmud,Eruvin,עירובין,daf,185,136,1,14,2,8,True,עירובין => Mishnah Eruvin
talmud,Gittin,גיטין,daf,289,157,3,25,3,6,True,גיטין => Mishnah Gittin
talmud,Gra's Nuschah on Avot D'Rabbi Natan,נוסחת הגר״א על אבות דרבי נתן,halakha,3,0,1,0,1,1,True,
talmud,HaMaor HaKatan on Rosh Hashanah,המאור הקטן על ראש השנה,daf,4,3,0,1,1,1,True,
talmud,Haflaah on Ketubot,הפלאה על כתובות,chapter,1,0,0,1,1,1,True,
talmud,Haggahot R' Yeshaya Berlin on Avot D'Rabbi Natan,הגהות הגרי״ב על אבות דרבי נתן,halakha,1,0,1,0,1,1,True,
talmud,Haggahot Ya'avetz on Avot D'Rabbi Natan,"הגהות יעב""ץ על אבות דרבי נתן",halakha,1,0,1,0,1,1,True,
talmud,Haggahot Ya'avetz on Eruvin,"הגהות יעב""ץ על עירובין",daf,1,0,1,0,1,1,True,
talmud,Horayot,הוריות,daf,31,20,0,6,2,4,True,הוריות => Mishnah Horayot
talmud,Jerusalem Talmud Avodah Zarah,תלמוד ירושלמי עבודה זרה,halakha,352,0,5,0,1,2,True,
talmud,Jerusalem Talmud Bava Batra,תלמוד ירושלמי בבא בתרא,halakha,260,0,10,0,1,2,True,
talmud,Jerusalem Talmud Bava Kamma,תלמוד ירושלמי בבא קמא,halakha,275,0,10,0,1,2,True,
talmud,Jerusalem Talmud Bava Metzia,תלמוד ירושלמי בבא מציעא,halakha,273,0,10,0,2,3,True,
talmud,Jerusalem Talmud Beitzah,תלמוד ירושלמי ביצה,halakha,195,1,4,1,1,3,True,
talmud,Jerusalem Talmud Berakhot,תלמוד ירושלמי ברכות,halakha,655,0,9,0,2,4,True,
talmud,Jerusalem Talmud Bikkurim,תלמוד ירושלמי בכורים,halakha,143,0,3,0,2,3,True,
talmud,Jerusalem Talmud Chagigah,תלמוד ירושלמי חגיגה,halakha,149,0,3,0,2,3,True,
talmud,Jerusalem Talmud Challah,תלמוד ירושלמי חלה,halakha,179,0,4,0,1,2,True,
talmud,Jerusalem Talmud Demai,תלמוד ירושלמי דמאי,halakha,300,0,7,0,1,2,True,
talmud,Jerusalem Talmud Eruvin,תלמוד ירושלמי עירובין,halakha,415,0,10,0,1,2,True,
talmud,Jerusalem Talmud Gittin,תלמוד ירושלמי גיטין,halakha,349,0,9,0,2,3,True,
talmud,Jerusalem Talmud Horayot,תלמוד ירושלמי הוריות,halakha,122,0,3,0,1,2,True,
talmud,Jerusalem Talmud Ketubot,תלמוד ירושלמי כתובות,halakha,516,0,13,0,1,2,True,
talmud,Jerusalem Talmud Kiddushin,תלמוד ירושלמי קידושין,halakha,329,0,4,0,2,3,True,
talmud,Jerusalem Talmud Kilayim,תלמוד ירושלמי כלאים,halakha,322,0,9,0,1,2,True,
talmud,Jerusalem Talmud Maaser Sheni,תלמוד ירושלמי מעשר שני,halakha,241,0,5,0,1,2,True,
talmud,Jerusalem Talmud Maasrot,תלמוד ירושלמי מעשרות,halakha,186,0,5,0,1,2,True,
talmud,Jerusalem Talmud Makkot,תלמוד ירושלמי מכות,halakha,75,0,3,0,2,3,True,
talmud,Jerusalem Talmud Megillah,תלמוד ירושלמי מגילה,halakha,232,0,4,0,2,3,True,
talmud,Jerusalem Talmud Moed Katan,תלמוד ירושלמי מועד קטן,halakha,161,0,3,0,2,3,True,
talmud,Jerusalem Talmud Nazir,תלמוד ירושלמי נזיר,halakha,305,0,9,0,1,2,True,
talmud,Jerusalem Talmud Nedarim,תלמוד ירושלמי נדרים,halakha,346,0,11,0,2,3,True,
talmud,Jerusalem Talmud Niddah,תלמוד ירושלמי נדה,halakha,98,0,3,1,1,2,True,
talmud,Jerusalem Talmud Orlah,תלמוד ירושלמי ערלה,halakha,176,0,3,0,1,2,True,
talmud,Jerusalem Talmud Peah,תלמוד ירושלמי פאה,halakha,402,0,8,0,2,3,True,
talmud,Jerusalem Talmud Pesachim,תלמוד ירושלמי פסחים,halakha,515,0,10,0,2,3,True,
talmud,Jerusalem Talmud Rosh Hashanah,תלמוד ירושלמי ראש השנה,halakha,160,0,4,0,1,2,True,
talmud,Jerusalem Talmud Sanhedrin,תלמוד ירושלמי סנהדרין,halakha,587,1,10,1,2,3,True,
talmud,Jerusalem Talmud Shabbat,תלמוד ירושלמי שבת,halakha,771,0,23,1,2,3,True,
talmud,Jerusalem Talmud Shekalim,תלמוד ירושלמי שקלים,halakha,226,0,8,0,1,3,True,
talmud,Jerusalem Talmud Sheviit,תלמוד ירושלמי שביעית,halakha,390,0,10,0,1,2,True,
talmud,Jerusalem Talmud Shevuot,תלמוד ירושלמי שבועות,halakha,291,0,8,0,1,2,True,
talmud,Jerusalem Talmud Sotah,תלמוד ירושלמי סוטה,halakha,381,0,9,0,1,2,True,
talmud,Jerusalem Talmud Sukkah,תלמוד ירושלמי סוכה,halakha,205,0,5,0,2,3,True,
talmud,Jerusalem Talmud Taanit,תלמוד ירושלמי תענית,halakha,245,0,4,0,2,3,True,
talmud,Jerusalem Talmud Terumot,תלמוד ירושלמי תרומות,halakha,418,0,11,0,2,3,True,
talmud,Jerusalem Talmud Yevamot,תלמוד ירושלמי יבמות,halakha,638,0,16,0,1,2,True,
talmud,Jerusalem Talmud Yoma,תלמוד ירושלמי יומא,halakha,362,0,8,0,2,3,True,
talmud,Keritot,כריתות,daf,63,55,0,4,2,5,True,כריתות => Mishnah Keritot
talmud,Ketubot,כתובות,daf,131,75,1,13,2,5,True,כתובות => Mishnah Ketubot
talmud,Kiddushin,קידושין,daf,261,91,6,24,1,7,True,קידושין => Mishnah Kiddushin
talmud,Kisse Rahamim on Avot D'Rabbi Natan,כסא רחמים על אבות דרבי נתן,halakha,2,0,0,1,1,1,True,
talmud,Kisse Rahamim on Tractate Soferim,כסא רחמים על מסכת סופרים,halakha,2,0,0,1,1,1,True,
talmud,Maharam Schiff on Bava Metzia,"מהר""ם שיף על בבא מציעא",daf,3,2,0,1,1,1,True,
talmud,Maharam Schiff on Chullin,"מהר""ם שיף על חולין",daf,5,4,0,1,1,1,True,
talmud,Maharam on Avodah Zarah,"מהר""ם על עבודה זרה",daf,5,1,0,2,1,1,True,
talmud,Makkot,מכות,daf,709,0,46,0,1,6,True,מכות => Mishnah Makkot
talmud,Marit HaAyin on Pesachim,מראית העין על פסחים,daf,1,0,1,0,1,1,True,
talmud,Marit HaAyin on Taanit,מראית העין על תענית,daf,1,0,1,0,1,1,True,
talmud,Megillah,מגילה,daf,1210,0,60,1,3,5,True,מגילה => Mishnah Megillah
talmud,Meilah,מעילה,daf,14,1,0,1,1,3,True,מעילה => Mishnah Meilah
talmud,Meiri on Avodah Zarah,מאירי על עבודה זרה,chapter,12,0,0,1,1,1,True,
talmud,Meiri on Bava Kamma,מאירי על בבא קמא,chapter,8,0,0,1,1,1,True,
talmud,Meiri on Bava Metzia,מאירי על בבא מציעא,chapter,5,3,0,1,1,1,True,
talmud,Meiri on Berakhot,מאירי על ברכות,chapter,6,3,0,2,1,2,True,
talmud,Meiri on Pesachim,מאירי על פסחים,chapter,2,1,0,1,1,1,True,
talmud,Meiri on Rosh Hashanah,מאירי על ראש השנה,chapter,8,7,0,1,1,1,True,
talmud,Meiri on Sanhedrin,מאירי על סנהדרין,chapter,36,17,0,8,1,1,True,
talmud,Meiri on Shabbat,מאירי על שבת,chapter,12,10,0,2,1,1,True,
talmud,Meiri on Sotah,מאירי על סוטה,chapter,6,4,0,2,1,1,True,
talmud,Meiri on Yevamot,מאירי על יבמות,chapter,4,3,0,1,1,1,True,
talmud,Meiri on Yoma,מאירי על יומא,chapter,2,1,0,1,1,1,True,
talmud,Menachot,מנחות,daf,116,58,2,7,2,4,True,מנחות => Mishnah Menachot
talmud,Moed Katan,מועד קטן,daf,11,5,0,3,1,6,True,מועד קטן => Mishnah Moed Katan
talmud,Mordechai on Bava Batra,מרדכי על בבא בתרא,chapter,41,39,0,2,1,1,True,
talmud,Nachalat Ya'akov on Tractate Soferim,נחלת יעקב על מסכת סופרים,halakha,12,0,0,1,1,1,True,
talmud,Nazir,נזיר,daf,15,11,0,1,2,4,True,נזיר => Mishnah Nazir
talmud,Nedarim,נדרים,daf,36,16,1,7,1,3,True,נדרים => Mishnah Nedarim
talmud,Niddah,נדה,daf,6,3,0,1,2,7,True,נדה => Mishnah Niddah
talmud,Nimukei Yosef on Bava Metzia,נימוקי יוסף על בבא מציעא,daf,8,7,0,1,1,1,True,
talmud,Notes by Heinrich Guggenheimer on Jerusalem Talmud,הערות מאת חיים גוגנהיימר על תלמוד ירושלמי,chapter,908,0,0,32,1,1,True,
talmud,Penei Moshe on Jerusalem Talmud Berakhot,פני משה על תלמוד ירושלמי ברכות,halakha,5,0,0,1,1,1,True,
talmud,Penei Yehoshua on Bava Kamma,פני יהושע על בבא קמא,daf,3,2,0,1,1,1,True,
talmud,Penei Yehoshua on Bava Metzia,פני יהושע על בבא מציעא,daf,1,0,0,1,1,1,True,
talmud,Penei Yehoshua on Kiddushin,פני יהושע על קידושין,daf,1,0,0,1,1,1,True,
talmud,Penei Yehoshua on Shabbat,פני יהושע על שבת,daf,13,5,0,1,1,1,True,
talmud,Pesachim,פסחים,daf,314,141,7,33,2,5,True,פסחים => Mishnah Pesachim
talmud,Petach Einayim on Avodah Zarah,פתח עינים על עבודה זרה,daf,1,0,0,1,1,1,True,
talmud,Petach Einayim on Berakhot,פתח עינים על ברכות,daf,3,1,0,1,1,2,True,
talmud,Petach Einayim on Sanhedrin,פתח עינים על סנהדרין,daf,3,2,0,1,1,1,True,
talmud,Piskei Tosafot on Yevamot,פסקי תוספות על יבמות,chapter,2,0,2,0,1,1,True,
talmud,Rabbeinu Chananel on Avodah Zarah,רבינו חננאל על עבודה זרה,daf,1,0,0,1,1,1,True,
talmud,Rabbeinu Chananel on Beitzah,רבינו חננאל על מסכת ביצה,daf,2,0,0,1,1,1,True,
talmud,Rabbeinu Chananel on Chagigah,רבינו חננאל על מסכת חגיגה,daf,5,4,0,1,1,1,True,
talmud,Rabbeinu Chananel on Horayot,רבינו חננאל על הוריות,daf,2,0,0,1,1,1,True,
talmud,Rabbeinu Chananel on Pesachim,רבינו חננאל על מסכת פסחים,daf,1,0,0,1,1,1,True,
talmud,Rabbeinu Chananel on Taanit,רבינו חננאל על תענית,daf,7,0,1,0,1,1,True,
talmud,Rabbeinu Gershom on Bava Batra,רבינו גרשום על בבא בתרא,daf,17,0,1,0,1,1,True,
talmud,Rabbeinu Yonah on Berakhot,רבינו יונה על ברכות,daf,4,3,0,1,1,2,True,
talmud,Ran on Avodah Zarah,"ר""ן על עבודה זרה",daf,22,19,0,2,1,1,True,
talmud,Ran on Nedarim,"ר""ן על נדרים",daf,5,0,0,3,1,1,True,
talmud,Rashba on Avodah Zarah,רשב״א על עבודה זרה,daf,1,0,0,1,1,1,True,
talmud,Rashba on Bava Metzia,רשב״א על בבא מציעא,daf,6,1,0,1,1,1,True,
talmud,Rashba on Berakhot,רשב״א על ברכות,daf,4,2,0,2,1,2,True,
talmud,Rashba on Niddah,רשב״א על נדה,daf,2,0,0,1,1,1,True,
talmud,Rashbam on Bava Batra,"רשב""ם על בבא בתרא",daf,45,2,1,10,1,1,True,
talmud,Rashbam on Pesachim,"רשב""ם על פסחים",daf,5,0,0,3,1,1,True,
talmud,Rashi on Arakhin,"רש""י על ערכין",daf,10,0,0,2,1,1,True,
talmud,Rashi on Avodah Zarah,"רש""י על עבודה זרה",daf,178,10,5,15,1,1,True,
talmud,Rashi on Bava Batra,"רש""י על בבא בתרא",daf,111,0,3,6,1,1,True,
talmud,Rashi on Bava Kamma,"רש""י על בבא קמא",daf,302,2,10,20,1,1,True,
talmud,Rashi on Bava Metzia,"רש""י על בבא מציעא",daf,242,6,3,21,1,1,True,
talmud,Rashi on Beitzah,"רש""י על ביצה",daf,14,0,0,3,1,1,True,
talmud,Rashi on Bekhorot,"רש""י על בכורות",daf,2,0,0,1,1,1,True,
talmud,Rashi on Berakhot,"רש""י על ברכות",daf,137,0,2,26,1,3,True,
talmud,Rashi on Chagigah,"רש""י על חגיגה",daf,67,4,1,9,1,1,True,
talmud,Rashi on Chullin,"רש""י על חולין",daf,112,3,2,6,1,1,True,
talmud,Rashi on Eruvin,"רש""י על עירובין",daf,28,2,0,5,1,1,True,
talmud,Rashi on Gittin,"רש""י על גיטין",daf,175,7,3,13,1,1,True,
talmud,Rashi on Horayot,"רש""י על הוריות",daf,2,0,0,1,1,1,True,
talmud,Rashi on Keritot,"רש""י על כריתות",daf,1,0,0,1,1,1,True,
talmud,Rashi on Ketubot,"רש""י על כתובות",daf,65,13,0,15,1,1,True,
talmud,Rashi on Kiddushin,"רש""י על קידושין",daf,323,16,7,21,1,1,True,
talmud,Rashi on Makkot,"רש""י על מכות",daf,68,4,1,12,1,1,True,
talmud,Rashi on Megillah,"רש""י על מגילה",daf,297,11,6,17,1,1,True,
talmud,Rashi on Menachot,"רש""י על מנחות",daf,18,1,0,8,1,1,True,
talmud,Rashi on Nazir,"רש""י על נזיר",daf,84,1,3,6,1,1,True,
talmud,Rashi on Nedarim,"רש""י על נדרים",daf,9,0,0,1,1,1,True,
talmud,Rashi on Niddah,"רש""י על נדה",daf,11,0,0,3,1,1,True,
talmud,Rashi on Pesachim,"רש""י על פסחים",daf,15,5,0,8,1,2,True,
talmud,Rashi on Rosh Hashanah,"רש""י על ראש השנה",daf,58,3,1,10,1,1,True,
talmud,Rashi on Sanhedrin,"רש""י על סנהדרין",daf,98,11,1,16,1,3,True,
talmud,Rashi on Shabbat,"רש""י על שבת",daf,352,25,6,35,1,1,True,
talmud,Rashi on Shevuot,"רש""י על שבועות",daf,44,2,0,4,1,1,True,
talmud,Rashi on Sotah,"רש""י על סוטה",daf,207,9,6,12,1,2,True,
talmud,Rashi on Sukkah,"רש""י על סוכה",daf,184,40,0,32,1,1,True,
talmud,Rashi on Taanit,"רש""י על תענית",daf,106,5,0,14,1,1,True,
talmud,Rashi on Yevamot,"רש""י על יבמות",daf,34,2,1,4,1,1,True,
talmud,Rashi on Yoma,"רש""י על יומא",daf,27,0,0,7,1,1,True,
talmud,Rashi on Zevachim,"רש""י על זבחים",daf,18,0,1,0,1,1,True,
talmud,Reshimot Shiurim on Bava Kamma,רשימות שיעורים על בבא קמא,daf,2,0,0,1,1,1,True,
talmud,Reshimot Shiurim on Berakhot,רשימות שיעורים על ברכות,daf,127,44,1,9,1,2,True,
talmud,Reshimot Shiurim on Sanhedrin,רשימות שיעורים על סנהדרין,chapter,6,0,0,1,1,1,True,
talmud,Rif Avodah Zarah,"רי""ף עבודה זרה",daf,4,3,0,1,1,1,True,
talmud,Rif Bava Batra,"רי""ף בבא בתרא",daf,2,1,0,1,1,1,True,
talmud,Rif Berakhot,"רי""ף ברכות",daf,7,4,1,1,1,2,True,
talmud,Rif Kiddushin,"רי""ף קידושין",daf,7,6,0,1,1,1,True,
talmud,Rif Megillah,"רי""ף מגילה",daf,12,7,0,2,1,1,True,
talmud,Rif Pesachim,"רי""ף פסחים",daf,4,3,0,1,1,1,True,
talmud,Rif Rosh Hashanah,"רי""ף ראש השנה",daf,1,0,0,1,1,1,True,
talmud,Ritva on Avodah Zarah,"ריטב""א על עבודה זרה",daf,2,1,0,1,1,1,True,
talmud,Ritva on Berakhot,"ריטב""א על ברכות",daf,12,9,0,3,1,2,True,
talmud,Ritva on Kiddushin,"ריטב""א על קידושין",daf,1,0,0,1,1,1,True,
talmud,Ritva on Megillah,"ריטב""א על מגילה",daf,2,0,0,1,1,1,True,
talmud,Ritva on Pesachim,"ריטב""א על פסחים",daf,9,8,0,1,1,1,True,
talmud,Ritva on Sukkah,"ריטב""א על סוכה",daf,6,0,0,1,1,1,True,
talmud,Rosh Hashanah,ראש השנה,daf,165,42,7,10,2,4,True,ראש השנה => Mishnah Rosh Hashanah
talmud,Rosh on Avodah Zarah,"פסקי הרא""ש על עבודה זרה",halakha,1,0,0,1,1,1,True,
talmud,Rosh on Bava Kamma,"פסקי הרא""ש על בבא קמא",halakha,1,0,0,1,1,1,True,
talmud,Rosh on Bava Metzia,"פסקי הרא""ש על בבא מציעא",halakha,1,0,0,1,1,1,True,
talmud,Rosh on Berakhot,"פסקי הרא""ש על ברכות",halakha,6,0,0,4,1,2,True,
talmud,Rosh on Kiddushin,"פסקי הרא""ש על קידושין",halakha,1,0,0,1,1,1,True,
talmud,Rosh on Pesachim,"פסקי הרא""ש על פסחים",halakha,4,0,0,2,1,1,True,
talmud,Rosh on Rosh Hashanah,"פסקי הרא""ש על ראש השנה",halakha,16,15,0,1,1,1,True,
talmud,Rosh on Sanhedrin,"פסקי הרא""ש על סנהדרין",halakha,3,1,0,1,1,1,True,
talmud,Rosh on Shabbat,"פסקי הרא""ש על שבת",halakha,2,0,0,2,1,1,True,
talmud,Sanhedrin,סנהדרין,daf,649,351,6,53,3,8,True,סנהדרין => Mishnah Sanhedrin
talmud,Shabbat,שבת,daf,356,160,7,40,3,9,True,שבת => Mishnah Shabbat
talmud,Shevuot,שבועות,daf,38,29,0,3,2,4,True,שבועות => Mishnah Shevuot
talmud,Sheyarei Korban on Jerusalem Talmud Pesachim,שיירי קרבן על תלמוד ירושלמי פסחים,halakha,1,0,0,1,1,1,True,
talmud,Shiltei HaGiborim on Megillah,שלטי הגיבורים על מגילה,daf,4,3,0,1,1,1,True,
talmud,Shiltei HaGiborim on Menachot,שלטי הגיבורים על מנחות,daf,2,1,0,1,1,1,True,
talmud,Shita Mekubetzet on Bava Metzia,שיטה מקובצת על בבא מציעא,daf,43,38,0,5,1,2,True,
talmud,Shita Mekubetzet on Berakhot,שיטה מקובצת על ברכות,daf,1,0,0,1,1,1,True,
talmud,Sotah,סוטה,daf,196,111,0,23,2,5,True,סוטה => Mishnah Sotah
talmud,Steinsaltz on Bava Metzia,ביאור שטיינזלץ על בבא מציעא,daf,7,6,0,1,1,1,True,
talmud,Steinsaltz on Berakhot,ביאור שטיינזלץ על ברכות,daf,6,4,0,1,1,1,True,
talmud,Steinsaltz on Sanhedrin,ביאור שטיינזלץ על סנהדרין,daf,10,0,0,1,1,1,True,
talmud,Sukkah,סוכה,daf,1361,0,110,0,2,4,True,סוכה => Mishnah Sukkah
talmud,Taanit,תענית,daf,263,89,5,21,2,7,True,תענית => Mishnah Ta'anit
talmud,Tamid,תמיד,daf,1,0,0,1,2,4,True,תמיד => Mishnah Tamid
talmud,Temurah,תמורה,daf,18,14,0,2,2,4,True,תמורה => Mishnah Temurah
talmud,Tosafot HaRosh on Kiddushin,"תוספות הרא""ש על קידושין",daf,3,0,0,1,1,1,True,
talmud,Tosafot Rid on Avodah Zarah Second Recension,"תוספות רי""ד על עבודה זרה מהדורא תנינא",daf,3,0,2,0,1,1,True,
talmud,Tosafot Yeshanim on Yoma,תוספות ישנים על יומא,daf,1,0,0,1,1,1,True,
talmud,Tosafot on Arakhin,תוספות על ערכין,daf,5,0,0,2,1,1,True,
talmud,Tosafot on Avodah Zarah,תוספות על עבודה זרה,daf,119,0,19,8,1,1,True,
talmud,Tosafot on Bava Batra,תוספות על בבא בתרא,daf,24,0,2,8,1,2,True,
talmud,Tosafot on Bava Kamma,תוספות על בבא קמא,daf,6,0,0,6,2,2,True,
talmud,Tosafot on Bava Metzia,תוספות על בבא מציעא,daf,36,1,4,11,2,2,True,
talmud,Tosafot on Beitzah,תוספות על ביצה,daf,3,1,0,2,1,1,True,
talmud,Tosafot on Bekhorot,תוספות על בכורות,daf,1,0,0,1,1,1,True,
talmud,Tosafot on Berakhot,תוספות על ברכות,daf,33,2,2,18,2,3,True,
talmud,Tosafot on Chagigah,תוספות על חגיגה,daf,10,1,2,5,1,1,True,
talmud,Tosafot on Chullin,תוספות על חולין,daf,8,0,1,4,1,1,True,
talmud,Tosafot on Eruvin,תוספות על עירובין,daf,21,0,0,5,1,1,True,
talmud,Tosafot on Gittin,תוספות על גיטין,daf,21,0,2,7,1,2,True,
talmud,Tosafot on Ketubot,תוספות על כתובות,daf,7,3,0,4,1,3,True,
talmud,Tosafot on Kiddushin,תוספות על קידושין,daf,113,1,14,10,1,1,True,
talmud,Tosafot on Makkot,תוספות על מכות,daf,1,0,0,1,1,2,True,
talmud,Tosafot on Megillah,תוספות על מגילה,daf,26,0,8,7,1,2,True,
talmud,Tosafot on Menachot,תוספות על מנחות,daf,7,0,0,5,1,1,True,
talmud,Tosafot on Nazir,תוספות על נזיר,daf,3,1,0,2,1,1,True,
talmud,Tosafot on Nedarim,תוספות על נדרים,daf,4,0,0,1,1,1,True,
talmud,Tosafot on Niddah,תוספות על נדה,daf,1,0,0,1,1,3,True,
talmud,Tosafot on Pesachim,תוספות על פסחים,daf,12,2,0,7,1,2,True,
talmud,Tosafot on Rosh Hashanah,תוספות על ראש השנה,daf,9,1,1,4,1,1,True,
talmud,Tosafot on Sanhedrin,תוספות על סנהדרין,daf,13,0,1,5,1,1,True,
talmud,Tosafot on Shabbat,תוספות על שבת,daf,54,2,5,16,1,2,True,
talmud,Tosafot on Sotah,תוספות על סוטה,daf,5,0,0,4,1,1,True,
talmud,Tosafot on Sukkah,תוספות על סוכה,daf,13,0,0,6,1,1,True,
talmud,Tosafot on Taanit,תוספות על תענית,daf,1,0,1,0,1,1,True,
talmud,Tosafot on Yevamot,תוספות על יבמות,daf,1,0,0,1,1,2,True,
talmud,Tosafot on Zevachim,תוספות על זבחים,daf,1,0,0,1,1,1,True,
talmud,Tractate Avadim,מסכת עבדים,halakha,25,0,3,0,1,1,True,
talmud,Tractate Derekh Eretz Rabbah,מסכת דרך ארץ רבה,halakha,99,0,11,0,2,2,True,
talmud,Tractate Derekh Eretz Zuta,מסכת דרך ארץ זוטא,chapter,34,16,0,4,2,2,True,
talmud,Tractate Gerim,מסכת גרים,halakha,34,0,4,0,2,4,True,
talmud,Tractate Kallah,מסכת כלה,halakha,26,0,5,0,2,2,True,
talmud,Tractate Kallah Rabbati,מסכת כלה רבתי,halakha,129,0,10,0,1,2,True,
talmud,Tractate Kutim,מסכת כותים,halakha,21,0,2,0,1,3,True,
talmud,Tractate Mezuzah,מסכת מזוזה,halakha,23,0,2,0,2,2,True,
talmud,Tractate Sefer Torah,מסכת ספר תורה,halakha,60,0,5,0,2,2,True,
talmud,Tractate Semachot,מסכת שמחות,chapter,231,0,2,0,2,2,True,
talmud,Tractate Soferim,מסכת סופרים,halakha,227,0,21,0,2,2,True,
talmud,Tractate Tefillin,מסכת תפילין,halakha,21,0,1,0,2,2,True,
talmud,Tractate Tzitzit,מסכת ציצית,halakha,11,0,1,0,1,1,True,
talmud,Tziyyun LeNefesh Chayyah on Berakhot,ציון לנפש חיה על ברכות,chapter,5,4,0,1,1,1,True,
talmud,Yevamot,יבמות,daf,122,50,2,16,1,6,True,יבמות => Mishnah Yevamot
talmud,Yoma,יומא,daf,165,95,1,20,3,8,True,יומא => Mishnah Yoma
talmud,Zevachim,זבחים,daf,2,0,0,1,3,5,True,זבחים => Mishnah Zevachim
tanakh,Abarbanel on Amos,אברבנאל על עמוס,verse,53,6,0,5,1,1,True,
tanakh,Abarbanel on Hosea,אברבנאל על הושע,chapter,6,4,0,2,1,1,True,
tanakh,Abarbanel on I Kings,אברבנאל על מלכים א,chapter,23,0,0,2,1,1,True,
tanakh,Abarbanel on I Samuel,אברבנאל על שמואל א,chapter,8,7,0,1,1,2,True,
tanakh,Abarbanel on II Kings,אברבנאל על מלכים ב,verse,1,0,0,1,1,1,True,
tanakh,Abarbanel on II Samuel,אברבנאל על שמואל ב,verse,2,0,0,1,1,1,True,
tanakh,Abarbanel on Isaiah,אברבנאל על ישעיהו,chapter,13,0,0,2,1,1,True,
tanakh,Abarbanel on Jeremiah,אברבנאל על ירמיהו,chapter,31,0,0,2,1,1,True,
tanakh,Abarbanel on Joel,אברבנאל על יואל,verse,24,0,0,2,1,1,True,
tanakh,Abarbanel on Jonah,אברבנאל על יונה,verse,42,0,0,4,1,1,True,
tanakh,Abarbanel on Joshua,אברבנאל על יהושע,chapter,1,0,0,1,1,1,True,
tanakh,Abarbanel on Judges,אברבנאל על שופטים,chapter,1,0,0,1,1,1,True,
tanakh,Abarbanel on Obadiah,אברבנאל על עובדיה,verse,13,0,0,1,1,1,True,
tanakh,Abarbanel on Torah,אברבנאל על תורה,chapter,299,207,0,5,2,6,True,
tanakh,Abarbanel on Zechariah,אברבנאל על זכריה,verse,25,0,0,2,1,1,True,
tanakh,Aderet Eliyahu,אדרת אליהו,chapter,4,2,0,2,2,3,True,
tanakh,Aderet Eliyahu (Rabbi Yosef Chaim),אדרת אליהו (ר' יוסף חיים),chapter,3,0,1,2,1,1,True,
tanakh,Ahavat Yehonatan,אהבת יהונתן,chapter,1,0,0,1,1,1,True,
tanakh,Alon Bakhut on Lamentations,אלון בכות על איכה,verse,7,0,0,1,1,1,True,
tanakh,Alshekh on Torah,תורת משה - אלשיך,chapter,275,175,0,5,2,3,True,
tanakh,Amos,עמוס,verse,146,0,9,0,3,11,True,
tanakh,Aramaic Targum to Ecclesiastes,תרגום קהלת,verse,62,1,3,1,2,2,True,
tanakh,Aramaic Targum to Esther,תרגום אסתר,verse,21,18,0,3,1,1,True,
tanakh,Aramaic Targum to Job,תרגום איוב,verse,22,0,1,0,1,1,True,
tanakh,Aramaic Targum to Proverbs,תרגום משלי,verse,32,20,0,3,1,1,True,
tanakh,Aramaic Targum to Psalms,תרגום תהלים,verse,106,21,10,1,1,2,True,
tanakh,Ateret Zekeinim,עטרת זקנים,chapter,3,0,0,3,1,1,True,
tanakh,Avi Ezer,אבי עזר,chapter,19,1,0,3,1,1,True,
tanakh,Ba'al HaTurim on Genesis,בעל הטורים על בראשית,verse,9,0,2,1,1,1,True,
tanakh,Ba'alei Brit Avram,בעלי ברית אברם,chapter,4,0,0,3,1,1,True,
tanakh,Bartenura on Torah,ברטנורא על התורה,chapter,26,0,0,6,1,1,True,
tanakh,Beit HaLevi on Torah,בית הלוי על התורה,chapter,3,0,0,3,1,1,True,
tanakh,Bekhor Shor,בכור שור,chapter,147,8,0,5,1,3,True,
tanakh,Birkat Asher on Torah,ברכת אשר על התורה,chapter,11,2,0,3,1,1,True,
tanakh,Cassuto on Exodus,קאסוטו על שמות,chapter,6,0,0,1,1,2,True,
tanakh,Cassuto on Genesis,קאסוטו על בראשית,chapter,12,10,0,2,1,2,True,
tanakh,Chatam Sofer on Torah,חתם סופר על התורה,chapter,92,87,0,4,1,1,True,
tanakh,Chibbah Yeteirah on Torah,קונטרס חיבה יתירה,chapter,4,0,0,4,1,1,True,
tanakh,Chizkuni,חזקוני,chapter,5565,55,0,5,3,4,True,
tanakh,Chomat Anakh on Daniel,חומת אנך על דניאל,verse,11,0,1,3,1,1,True,
tanakh,Chomat Anakh on Esther,חומת אנך על אסתר,verse,1,0,0,1,1,1,True,
tanakh,Chomat Anakh on II Samuel,חומת אנך על שמואל ב,verse,1,0,0,1,1,1,True,
tanakh,Chomat Anakh on Isaiah,חומת אנך על ישעיה,verse,1,0,0,1,1,1,True,
tanakh,Chomat Anakh on Joshua,חומת אנך על יהושע,verse,4,3,0,1,1,1,True,
tanakh,Chomat Anakh on Torah,חומת אנך על תורה,chapter,10,0,0,3,1,2,True,
tanakh,Da'at Zekenim on Deuteronomy,דעת זקנים על דברים,verse,259,1,31,2,3,3,True,
tanakh,Da'at Zekenim on Exodus,דעת זקנים על שמות,verse,258,0,25,11,3,3,True,
tanakh,Da'at Zekenim on Genesis,דעת זקנים על בראשית,verse,319,0,39,8,4,4,True,
tanakh,Da'at Zekenim on Leviticus,דעת זקנים על ויקרא,verse,124,1,17,4,2,2,True,
tanakh,Da'at Zekenim on Numbers,דעת זקנים על במדבר,verse,222,0,26,6,2,2,True,
tanakh,Daniel,דניאל,verse,357,0,12,0,4,12,True,
tanakh,David Zvi Hoffmann on Leviticus,"פירושי רד""צ הופמן על ויקרא",chapter,6,0,0,1,1,1,True,
tanakh,Depths of Yonah,במצולות ספר יונה,chapter,651,0,0,2,1,1,True,
tanakh,Deuteronomy,דברים,verse,956,0,34,0,5,21,True,
tanakh,Devarim Nichumim on Lamentations,דברים ניחומים על איכה,chapter,4,0,1,1,1,1,True,
tanakh,Divrei David on Rashi,דברי דוד על רש״י,chapter,9,0,0,1,1,1,True,
tanakh,Ecclesiastes,קהלת,verse,222,0,12,0,5,18,True,
tanakh,Em LaMikra,אם למקרא,chapter,2,0,0,2,1,2,True,
tanakh,Esther,אסתר,verse,167,0,10,0,5,18,True,
tanakh,Exodus,שמות,verse,1210,0,40,0,5,26,True,
tanakh,Ezekiel,יחזקאל,verse,1273,0,48,0,2,12,True,
tanakh,Ezra,עזרא,verse,280,0,10,0,3,11,True,
tanakh,Ezra ben Solomon on Song of Songs,עזרא בן שלמה על שיר השירים,chapter,301,2,1,1,1,1,True,
tanakh,Footnotes to Kohelet by Bruce Heitler,הערות לקהלת מאת ברוס הייטלר,chapter,48,0,0,11,1,1,True,
tanakh,From David to Destruction,מדוד ועד לחורבן,chapter,1994,0,0,12,1,1,True,
tanakh,Genesis,בראשית,verse,1533,0,50,0,7,42,True,
tanakh,Gur Aryeh on Bamidbar,גור אריה על במדבר,verse,9,3,0,6,2,2,True,
tanakh,Gur Aryeh on Bereishit,גור אריה על בראשית,verse,26,9,0,13,2,4,True,
tanakh,Gur Aryeh on Devarim,גור אריה על דברים,verse,10,5,0,5,2,2,True,
tanakh,Gur Aryeh on Shemot,גור אריה על שמות,verse,8,0,0,2,2,2,True,
tanakh,Gur Aryeh on Vayikra,גור אריה על ויקרא,verse,5,0,0,3,2,2,True,
tanakh,HaKtav VeHaKabalah,הכתב והקבלה,chapter,82,21,0,5,2,4,True,
tanakh,Haamek Davar on Deuteronomy,העמק דבר על דברים,chapter,64,14,0,18,3,3,True,
tanakh,Haamek Davar on Exodus,העמק דבר על שמות,chapter,47,9,0,20,3,4,True,
tanakh,Haamek Davar on Genesis,העמק דבר על בראשית,chapter,76,16,0,32,3,3,True,
tanakh,Haamek Davar on Leviticus,העמק דבר על ויקרא,chapter,46,6,0,14,3,3,True,
tanakh,Haamek Davar on Numbers,העמק דבר על במדבר,chapter,103,16,0,31,3,3,True,
tanakh,Habakkuk,חבקוק,verse,56,0,3,0,1,9,True,
tanakh,Hadar Zekenim on Torah,הדר זקנים על התורה,chapter,1,0,0,1,1,1,True,
tanakh,Haggai,חגי,verse,38,0,2,0,2,10,True,
tanakh,Harchev Davar on Genesis,הרחב דבר על בראשית,chapter,39,35,0,3,1,1,True,
tanakh,Hosea,הושע,verse,197,0,14,0,2,9,True,
tanakh,I Chronicles,דברי הימים א,verse,943,0,29,0,3,9,True,
tanakh,I Kings,מלכים א,verse,817,0,22,0,3,13,True,
tanakh,I Samuel,שמואל א,verse,811,0,31,0,3,13,True,
tanakh,II Chronicles,דברי הימים ב,verse,822,0,36,0,3,12,True,
tanakh,II Kings,מלכים ב,verse,719,0,25,0,2,12,True,
tanakh,II Samuel,שמואל ב,verse,695,0,24,0,4,13,True,
tanakh,Ibn Ezra on Daniel,אבן עזרא על דניאל,verse,245,7,5,2,1,1,True,
tanakh,Ibn Ezra on Deuteronomy,אבן עזרא על דברים,verse,1199,0,32,2,3,4,True,
tanakh,Ibn Ezra on Ecclesiastes,אבן עזרא על קהלת,chapter,20,0,0,2,1,1,True,
tanakh,Ibn Ezra on Esther,אבן עזרא על אסתר,verse,7,5,0,2,1,2,True,
tanakh,Ibn Ezra on Exodus,אבן עזרא על שמות,verse,49,1,0,26,2,5,True,
tanakh,Ibn Ezra on Genesis,אבן עזרא על בראשית,chapter,95,9,0,23,2,5,True,
tanakh,Ibn Ezra on Hosea,אבן עזרא על הושע,verse,1,0,0,1,1,1,True,
tanakh,Ibn Ezra on Isaiah,אבן עזרא על ישעיהו,chapter,6,0,0,4,3,3,True,
tanakh,Ibn Ezra on Joel,אבן עזרא על יואל,verse,1,0,0,1,1,1,True,
tanakh,Ibn Ezra on Jonah,אבן עזרא על יונה,verse,26,3,1,3,1,1,True,
tanakh,Ibn Ezra on Lamentations,אבן עזרא על איכה,chapter,17,0,1,1,1,1,True,
tanakh,Ibn Ezra on Leviticus,אבן עזרא על ויקרא,verse,1014,2,20,7,3,4,True,
tanakh,Ibn Ezra on Malachi,אבן עזרא על מלאכי,verse,1,0,0,1,1,1,True,
tanakh,Ibn Ezra on Nahum,אבן עזרא על נחום,verse,3,0,0,1,1,1,True,
tanakh,Ibn Ezra on Nehemiah,אבן עזרא על נחמיה,verse,1,0,0,1,1,1,True,
tanakh,Ibn Ezra on Numbers,אבן עזרא על במדבר,verse,79,6,0,26,2,4,True,
tanakh,Ibn Ezra on Proverbs,אבן עזרא על משלי,verse,21,0,0,4,1,2,True,
tanakh,Ibn Ezra on Psalms,אבן עזרא על תהילים,chapter,10,0,0,6,3,3,True,
tanakh,Ibn Ezra on Ruth,אבן עזרא על רות,verse,94,0,4,0,1,1,True,
tanakh,Ibn Ezra on Zechariah,אבן עזרא על זכריה,verse,4,0,0,2,1,1,True,
tanakh,Isaiah,ישעיהו,verse,1291,0,66,0,3,11,True,
tanakh,Jeremiah,ירמיהו,verse,1364,0,52,0,3,10,True,
tanakh,Job,איוב,verse,1070,0,42,0,3,11,True,
tanakh,Joel,יואל,verse,73,0,4,0,3,10,True,
tanakh,Jonah,יונה,verse,48,0,4,0,3,13,True,
tanakh,Joseph ibn Yahya on Esther,יוסף אבן יחיא על אסתר,verse,1,0,0,1,1,1,True,
tanakh,Joshua,יהושע,verse,658,0,24,0,3,13,True,
tanakh,Judges,שופטים,verse,618,0,21,0,4,14,True,
tanakh,Karati Bekhol Lev,קראתי בכל לב,chapter,121,88,0,15,1,1,True,
tanakh,Kitzur Ba'al HaTurim on Deuteronomy,קיצור בעל הטורים על דברים,verse,9,0,0,5,3,3,True,
tanakh,Kitzur Ba'al HaTurim on Exodus,קיצור בעל הטורים על שמות,verse,11,0,0,6,2,2,True,
tanakh,Kitzur Ba'al HaTurim on Genesis,קיצור בעל הטורים על בראשית,verse,4,0,0,4,3,4,True,
tanakh,Kitzur Ba'al HaTurim on Leviticus,קיצור בעל הטורים על ויקרא,verse,10,1,0,7,2,2,True,
tanakh,Kitzur Ba'al HaTurim on Numbers,קיצור בעל הטורים על במדבר,verse,9,0,0,3,2,3,True,
tanakh,Kli Yakar on Deuteronomy,כלי יקר על דברים,verse,24,11,0,9,2,2,True,
tanakh,Kli Yakar on Exodus,כלי יקר על שמות,verse,23,7,0,12,2,3,True,
tanakh,Kli Yakar on Genesis,כלי יקר על בראשית,chapter,43,7,0,20,3,3,True,
tanakh,Kli Yakar on Leviticus,כלי יקר על ויקרא,verse,57,21,0,15,2,2,True,
tanakh,Kli Yakar on Numbers,כלי יקר על במדבר,verse,36,9,0,14,2,2,True,
tanakh,Lamentations,איכה,verse,154,0,5,0,4,12,True,
tanakh,Leviticus,ויקרא,verse,859,0,27,0,4,20,True,
tanakh,Malachi,מלאכי,verse,55,0,3,0,1,9,True,
tanakh,Malbim Beur Hamilot on Isaiah,"מלבי""ם באור המילות על ישעיהו",verse,7,0,0,2,2,2,True,
tanakh,Malbim Beur Hamilot on Psalms,"מלבי""ם באור המילות על תהילים",verse,1,0,0,1,2,2,True,
tanakh,Malbim on Daniel,"מלבי""ם על דניאל",verse,7,0,0,1,1,1,True,
tanakh,Malbim on Deuteronomy,"מלבי""ם על דברים",verse,10,3,0,5,1,1,True,
tanakh,Malbim on Esther,"מלבי""ם על אסתר",verse,15,2,0,2,1,1,True,
tanakh,Malbim on Exodus,"מלבי""ם על שמות",verse,36,14,0,14,2,2,True,
tanakh,Malbim on Ezekiel,"מלבי""ם על יחזקאל",chapter,7,0,0,4,2,2,True,
tanakh,Malbim on Genesis,"מלבי""ם על בראשית",verse,58,8,0,29,2,3,True,
tanakh,Malbim on I Chronicles,"מלבי""ם על דברי הימים א",verse,2,1,0,1,1,1,True,
tanakh,Malbim on I Kings,"מלבי""ם על מלכים א",verse,1,0,0,1,2,2,True,
tanakh,Malbim on I Samuel,"מלבי""ם על שמואל א",verse,4,1,0,2,1,2,True,
tanakh,Malbim on II Kings,"מלבי""ם על מלכים ב",verse,3,0,0,1,1,1,True,
tanakh,Malbim on II Samuel,"מלבי""ם על שמואל ב",verse,6,0,0,4,2,2,True,
tanakh,Malbim on Isaiah,"מלבי""ם על ישעיהו",chapter,31,1,0,7,2,2,True,
tanakh,Malbim on Jeremiah,"מלבי""ם על ירמיהו",verse,15,0,1,4,2,2,True,
tanakh,Malbim on Job,"מלבי""ם על איוב",chapter,657,24,1,1,1,1,True,
tanakh,Malbim on Jonah,"מלבי""ם על יונה",verse,35,1,0,4,1,1,True,
tanakh,Malbim on Joshua,"מלבי""ם על יהושע",chapter,1,0,0,1,1,1,True,
tanakh,Malbim on Judges,"מלבי""ם על שופטים",verse,2,0,0,1,1,1,True,
tanakh,Malbim on Leviticus,"מלבי""ם על ויקרא",chapter,4,0,0,4,1,1,True,
tanakh,Malbim on Micah,"מלבי""ם על מיכה",verse,2,0,0,1,1,1,True,
tanakh,Malbim on Numbers,"מלבי""ם על במדבר",verse,3,0,0,3,1,1,True,
tanakh,Malbim on Proverbs,"מלבי""ם על משלי",verse,8,1,0,7,1,2,True,
tanakh,Malbim on Psalms,"מלבי""ם על תהילים",chapter,16,0,0,12,2,2,True,
tanakh,Malbim on Ruth,"מלבי""ם על רות",verse,4,0,0,3,1,1,True,
tanakh,Malbim on Zechariah,"מלבי""ם על זכריה",verse,5,0,0,4,2,2,True,
tanakh,Masat Moshe on Esther,משאת משה על אסתר,chapter,4,1,0,1,1,1,True,
tanakh,Megillat Setarim on Esther,מגילת סתרים על אסתר,chapter,3,0,0,1,1,1,True,
tanakh,Mekhir Yayin on Esther,מחיר יין,chapter,1,0,0,1,1,1,True,
tanakh,Menot HaLevi on Esther,מנות הלוי על אסתר,chapter,2,0,0,2,1,1,True,
tanakh,Meshekh Chokhmah,משך חכמה,chapter,713,674,0,21,2,3,True,
tanakh,Metzudat David on Ecclesiastes,מצודת דוד על קהלת,verse,1,0,0,1,1,1,True,
tanakh,Metzudat David on Ezekiel,מצודת דוד על יחזקאל,verse,2,0,0,2,1,1,True,
tanakh,Metzudat David on Hosea,מצודת דוד על הושע,verse,3,2,0,1,1,1,True,
tanakh,Metzudat David on I Chronicles,מצודת דוד על דברי הימים א,verse,1,0,0,1,1,1,True,
tanakh,Metzudat David on I Samuel,מצודת דוד על שמואל א,verse,99,1,0,4,1,1,True,
tanakh,Metzudat David on II Kings,מצודת דוד על מלכים ב,verse,83,0,0,5,1,1,True,
tanakh,Metzudat David on II Samuel,מצודת דוד על שמואל ב,verse,5,0,0,4,2,2,True,
tanakh,Metzudat David on Isaiah,מצודת דוד על ישעיהו,verse,7,1,0,5,1,2,True,
tanakh,Metzudat David on Jeremiah,מצודת דוד על ירמיהו,verse,5,1,0,2,2,2,True,
tanakh,Metzudat David on Jonah,מצודת דוד על יונה,verse,2,0,0,1,1,1,True,
tanakh,Metzudat David on Joshua,מצודת דוד על יהושע,verse,20,1,0,3,2,2,True,
tanakh,Metzudat David on Judges,מצודת דוד על שופטים,verse,1,0,0,1,2,2,True,
tanakh,Metzudat David on Micah,מצודת דוד על מיכה,verse,6,4,0,1,1,1,True,
tanakh,Metzudat David on Nehemiah,מצודת דוד על נחמיה,verse,1,0,0,1,1,1,True,
tanakh,Metzudat David on Obadiah,מצודת דוד על עובדיה,verse,2,0,0,1,1,1,True,
tanakh,Metzudat David on Proverbs,מצודת דוד על משלי,verse,4,0,0,3,1,1,True,
tanakh,Metzudat David on Psalms,מצודת דוד על תהילים,verse,15,0,0,9,2,2,True,
tanakh,Metzudat David on Song of Songs,מצודת דוד על שיר השירים,verse,3,2,0,1,1,1,True,
tanakh,Metzudat Zion on Ecclesiastes,מצודת ציון על קהלת,verse,1,0,0,1,1,1,True,
tanakh,Metzudat Zion on I Kings,מצודת ציון על מלכים א,verse,1,0,0,1,1,1,True,
tanakh,Metzudat Zion on II Chronicles,מצודת ציון על דברי הימים ב,verse,1,0,0,1,1,1,True,
tanakh,Metzudat Zion on II Kings,מצודת ציון על מלכים ב,verse,28,0,0,1,1,1,True,
tanakh,Metzudat Zion on Joshua,מצודת ציון על יהושע,verse,1,0,0,1,1,1,True,
tanakh,Metzudat Zion on Judges,מצודת ציון על שופטים,verse,105,0,2,2,1,1,True,
tanakh,Metzudat Zion on Malachi,מצודת ציון על מלאכי,verse,1,0,0,1,1,1,True,
tanakh,Metzudat Zion on Psalms,מצודת ציון על תהילים,verse,2,0,0,2,1,1,True,
tanakh,Metzudat Zion on Zechariah,מצודת ציון על זכריה,verse,2,0,0,1,1,2,True,
tanakh,Micah,מיכה,verse,105,0,7,0,3,11,True,
tanakh,Minchat Shai on II Samuel,מנחת שי על שמואל ב,verse,3,1,0,1,1,1,True,
tanakh,Minchat Shai on Judges,מנחת שי על שופטים,verse,1,0,0,1,1,1,True,
tanakh,Minchat Shai on Proverbs,מנחת שי על משלי,verse,1,0,0,1,1,1,True,
tanakh,Minchat Shai on Torah,מנחת שי על תורה,chapter,6,0,0,2,1,2,True,
tanakh,Minchat Shai on Zechariah,מנחת שי על זכריה,verse,1,0,0,1,1,1,True,
tanakh,Minei Targuma on Torah,מיני תרגומא על תורה,chapter,1,0,0,1,1,1,True,
tanakh,Mizrachi,מזרחי,chapter,20,8,0,5,1,2,True,
tanakh,Nachal Eshkol on Ecclesiastes,נחל אשכול על קהלת,verse,1,0,0,1,1,1,True,
tanakh,Nachal Eshkol on Song of Songs,נחל אשכול על שיר השירים,verse,10,0,0,1,1,1,True,
tanakh,Nachal Kedumim on Torah,נחל קדומים על תורה,chapter,2,0,0,2,1,2,True,
tanakh,Nachal Sorek,נחל שורק,chapter,1,0,0,1,1,1,True,
tanakh,Nahum,נחום,verse,47,0,3,0,1,9,True,
tanakh,Nehemiah,נחמיה,verse,405,0,13,0,3,10,True,
tanakh,Netinah LaGer,נתינה לגר,chapter,5,0,0,2,1,1,True,
tanakh,Numbers,במדבר,verse,1288,0,36,0,4,22,True,
tanakh,Obadiah,עובדיה,verse,21,0,1,0,2,11,True,
tanakh,Ohel Ya'akov on Torah,אהל יעקב על התורה,chapter,13,12,0,1,1,1,True,
tanakh,Ohr Chadash,אור חדש,chapter,62,56,0,2,1,1,True,
tanakh,Onkelos Deuteronomy,תרגום אונקלוס על דברים,verse,58,43,0,4,1,2,True,
tanakh,Onkelos Exodus,תרגום אונקלוס על שמות,verse,16,11,0,1,1,2,True,
tanakh,Onkelos Genesis,תרגום אונקלוס על בראשית,verse,79,60,0,7,4,6,True,
tanakh,Onkelos Leviticus,תרגום אונקלוס על ויקרא,verse,12,10,0,2,2,4,True,
tanakh,Onkelos Numbers,תרגום אונקלוס על במדבר,verse,35,20,0,3,1,2,True,
tanakh,Or HaChaim on Deuteronomy,אור החיים על דברים,verse,890,3,22,12,3,3,True,
tanakh,Or HaChaim on Exodus,אור החיים על שמות,verse,1398,2,29,11,3,4,True,
tanakh,Or HaChaim on Genesis,אור החיים על בראשית,chapter,1530,15,0,49,3,5,True,
tanakh,Or HaChaim on Leviticus,אור החיים על ויקרא,verse,917,9,10,16,3,3,True,
tanakh,Or HaChaim on Numbers,אור החיים על במדבר,verse,1031,2,22,14,3,4,True,
tanakh,Paaneach Raza,פענח רזא,chapter,1,0,0,1,1,1,True,
tanakh,Palgei Mayim on Lamentations,פלגי מים על איכה,chapter,5,0,0,1,1,1,True,
tanakh,Penei David,פני דוד,chapter,14,4,0,2,1,1,True,
tanakh,Proverbs,משלי,verse,915,0,31,0,3,10,True,
tanakh,Psalms,תהילים,verse,2527,0,150,0,4,16,True,
tanakh,Rabbeinu Bahya,רבנו בחיי,chapter,5459,19,0,5,3,5,True,
tanakh,Rabbeinu Chananel on Deuteronomy,רבינו חננאל על דברים,verse,1,0,1,0,1,1,True,
tanakh,Rabbeinu Chananel on Exodus,רבינו חננאל על שמות,verse,49,0,16,5,1,1,True,
tanakh,Rabbeinu Chananel on Genesis,רבינו חננאל על בראשית,verse,32,0,18,0,1,1,True,
tanakh,Rabbeinu Chananel on Leviticus,רבינו חננאל על ויקרא,verse,4,0,2,2,1,1,True,
tanakh,Rabbeinu Chananel on Numbers,רבינו חננאל על במדבר,verse,8,0,3,1,1,1,True,
tanakh,Radak on Amos,"רד""ק על עמוס",verse,4,1,0,1,1,1,True,
tanakh,Radak on Ezekiel,"רד""ק על יחזקאל",verse,2,0,0,2,1,1,True,
tanakh,Radak on Genesis,"רד""ק על בראשית",chapter,2365,0,0,50,4,5,True,
tanakh,Radak on I Chronicles,"רד""ק על דברי הימים א׳",chapter,1,0,0,1,1,3,True,
tanakh,Radak on I Kings,"רד""ק על מלכים א׳",verse,4,1,0,2,1,1,True,
tanakh,Radak on I Samuel,"רד""ק על שמואל א",verse,103,2,1,3,1,1,True,
tanakh,Radak on II Kings,"רד""ק על מלכים ב'",verse,8,1,0,3,1,1,True,
tanakh,Radak on II Samuel,"רד""ק על שמואל ב",verse,5,1,0,2,2,2,True,
tanakh,Radak on Isaiah,"רד""ק על ישעי׳",verse,29,25,0,2,1,1,True,
tanakh,Radak on Jeremiah,"רד""ק על ירמי׳",verse,13,4,0,6,1,1,True,
tanakh,Radak on Jonah,"רד""ק על יונה",verse,23,0,1,3,1,1,True,
tanakh,Radak on Joshua,"רד""ק על יהושע",verse,8,3,0,3,1,1,True,
tanakh,Radak on Judges,"רד""ק על שופטים",verse,83,0,1,4,1,2,True,
tanakh,Radak on Malachi,"רד""ק על מלאכי",verse,2,0,0,1,1,1,True,
tanakh,Radak on Psalms,"רד""ק על תהילים",verse,125,7,2,13,3,3,True,
tanakh,Radak on Zechariah,"רד""ק על זכריה",verse,15,0,0,3,3,3,True,
tanakh,Ralbag Beur HaMilot on Torah,"רלב""ג ביאור המלות על התורה",chapter,8,0,0,4,1,1,True,
tanakh,Ralbag Esther,"רלב""ג אסתר",chapter,1,0,0,1,1,1,True,
tanakh,Ralbag Ruth,"רלב""ג רות",chapter,26,0,1,1,1,1,True,
tanakh,Ralbag on I Kings,"רלב""ג על מלכים א",verse,1,0,0,1,2,3,True,
tanakh,Ralbag on I Samuel,"רלב""ג על שמואל א",verse,3,0,0,2,1,1,True,
tanakh,Ralbag on II Kings,"רלב""ג על מלכים ב",verse,35,0,1,7,1,1,True,
tanakh,Ralbag on II Samuel,"רלב""ג על שמואל ב",verse,2,0,0,2,2,2,True,
tanakh,Ralbag on Joshua,"רלב""ג על יהושע",verse,1,0,0,1,1,1,True,
tanakh,Ralbag on Judges,"רלב""ג על שופטים",verse,1,0,0,1,1,1,True,
tanakh,Ralbag on Nehemiah,"רלב""ג על נחמיה",verse,1,0,0,1,1,1,True,
tanakh,Ralbag on Proverbs,"רלב""ג על משלי",verse,1,0,0,1,1,1,True,
tanakh,Ralbag on Song of Songs,"רלב""ג שיר השירים",chapter,13,0,0,13,1,1,True,
tanakh,Ralbag on Torah,"רלב""ג על התורה",chapter,167,95,0,4,1,1,True,
tanakh,Ramban on Deuteronomy,"רמב""ן על דברים",chapter,27,0,0,19,3,4,True,
tanakh,Ramban on Exodus,"רמב""ן על שמות",chapter,46,1,0,23,3,5,True,
tanakh,Ramban on Genesis,"רמב""ן על בראשית",chapter,136,1,0,46,4,9,True,
tanakh,Ramban on Leviticus,"רמב""ן על ויקרא",chapter,41,2,0,17,3,6,True,
tanakh,Ramban on Numbers,"רמב""ן על במדבר",chapter,66,0,0,28,4,5,True,
tanakh,Rashbam on Deuteronomy,"רשב""ם על דברים",verse,316,0,20,12,3,3,True,
tanakh,Rashbam on Exodus,"רשב""ם על שמות",verse,740,3,14,25,3,3,True,
tanakh,Rashbam on Genesis,"רשב""ם על בראשית",verse,742,0,19,24,4,4,True,
tanakh,Rashbam on Leviticus,"רשב""ם על ויקרא",verse,289,0,20,6,3,3,True,
tanakh,Rashbam on Numbers,"רשב""ם על במדבר",verse,281,0,22,10,3,3,True,
tanakh,Rashi on Amos,"רש""י על עמוס",verse,246,0,9,0,3,3,True,
tanakh,Rashi on Daniel,"רש""י על דניאל",verse,762,2,9,3,3,3,True,
tanakh,Rashi on Deuteronomy,"רש""י על דברים",verse,1368,0,33,1,4,4,True,
tanakh,Rashi on Ecclesiastes,"רש""י על קהלת",verse,598,0,12,0,3,3,True,
tanakh,Rashi on Esther,"רש""י על אסתר",verse,148,0,10,0,3,3,True,
tanakh,Rashi on Exodus,"רש""י על שמות",verse,1814,0,36,4,4,4,True,
tanakh,Rashi on Ezekiel,"רש""י על יחזקאל",verse,1770,4,42,6,2,3,True,
tanakh,Rashi on Ezra,"רש""י על עזרא",verse,434,3,8,2,2,3,True,
tanakh,Rashi on Genesis,"רש""י על בראשית",verse,2007,0,43,7,6,11,True,
tanakh,Rashi on Habakkuk,"רש""י על חבקוק",verse,143,0,3,0,1,1,True,
tanakh,Rashi on Haggai,"רש""י על חגי",verse,48,0,1,1,2,3,True,
tanakh,Rashi on Hosea,"רש""י על הושע",verse,415,0,14,0,3,3,True,
tanakh,Rashi on I Chronicles,"רש""י על דברי הימים א",verse,619,0,27,2,2,2,True,
tanakh,Rashi on I Kings,"רש""י על מלכים א",verse,629,0,21,1,2,3,True,
tanakh,Rashi on I Samuel,"רש""י על שמואל א",verse,640,1,30,1,2,2,True,
tanakh,Rashi on II Chronicles,"רש""י על דברי הימים ב",verse,692,2,33,3,3,3,True,
tanakh,Rashi on II Kings,"רש""י על מלכים ב",verse,503,0,25,0,2,2,True,
tanakh,Rashi on II Samuel,"רש""י על שמואל ב",verse,473,0,24,0,3,3,True,
tanakh,Rashi on Isaiah,"רש""י על ישעיהו",verse,2703,2,60,6,3,3,True,
tanakh,Rashi on Jeremiah,"רש""י על ירמיהו",verse,1355,0,48,3,2,3,True,
tanakh,Rashi on Job,"רש""י על איוב",verse,1496,9,26,16,2,2,True,
tanakh,Rashi on Joel,"רש""י על יואל",verse,98,0,4,0,2,2,True,
tanakh,Rashi on Jonah,"רש""י על יונה",verse,53,0,4,0,2,2,True,
tanakh,Rashi on Joshua,"רש""י על יהושע",verse,362,0,24,0,3,3,True,
tanakh,Rashi on Judges,"רש""י על שופטים",verse,457,0,20,1,2,2,True,
tanakh,Rashi on Lamentations,"רש""י על איכה",verse,228,0,5,0,3,3,True,
tanakh,Rashi on Leviticus,"רש""י על ויקרא",verse,1332,1,26,1,3,3,True,
tanakh,Rashi on Malachi,"רש""י על מלאכי",verse,86,0,3,0,2,2,True,
tanakh,Rashi on Micah,"רש""י על מיכה",verse,179,0,6,1,1,1,True,
tanakh,Rashi on Nahum,"רש""י על נחום",verse,118,0,3,0,2,2,True,
tanakh,Rashi on Nehemiah,"רש""י על נחמיה",verse,451,1,12,1,1,1,True,
tanakh,Rashi on Numbers,"רש""י על במדבר",verse,1292,0,36,0,3,3,True,
tanakh,Rashi on Obadiah,"רש""י על עובדיה",verse,35,0,1,0,1,1,True,
tanakh,Rashi on Proverbs,"רש""י על משלי",verse,1159,1,24,7,2,2,True,
tanakh,Rashi on Psalms,"רש""י על תהילים",verse,2503,6,131,18,4,4,True,
tanakh,Rashi on Ruth,"רש""י על רות",verse,83,0,4,0,3,3,True,
tanakh,Rashi on Song of Songs,"רש""י על שיר השירים",verse,387,0,7,1,3,3,True,
tanakh,Rashi on Zechariah,"רש""י על זכריה",verse,366,1,13,1,3,3,True,
tanakh,Rashi on Zephaniah,"רש""י על צפניה",verse,81,0,3,0,2,2,True,
tanakh,Rav Hirsch on Torah,"רש""ר הירש על התורה",chapter,20,2,0,4,1,4,True,
tanakh,Rav Peninim on Proverbs,רב פנינים על משלי,chapter,1,0,0,1,1,1,True,
tanakh,Redeeming Relevance; Deuteronomy,פדיון הרלוונטיות על דברים,chapter,493,0,0,12,1,1,True,
tanakh,Redeeming Relevance; Exodus,פדיון הרלוונטיות על שמות,chapter,480,0,0,11,1,1,True,
tanakh,Redeeming Relevance; Genesis,פדיון הרלוונטיות על בראשית,chapter,361,0,0,6,1,1,True,
tanakh,Reggio on Torah,"ביאור יש""ר על התורה",chapter,16,7,0,4,1,2,True,
tanakh,Rosh David,ראש דוד,chapter,1,0,0,1,1,1,True,
tanakh,Rosh on Torah,"רא""ש על התורה",chapter,1,0,0,1,1,1,True,
tanakh,Ruth,רות,verse,85,0,4,0,3,12,True,
tanakh,Saadia Gaon on Deuteronomy,ר' סעדיה גאון על דברים,verse,3,0,0,1,1,1,True,
tanakh,Saadia Gaon on Exodus,ר' סעדיה גאון על שמות,verse,2,0,0,2,1,1,True,
tanakh,Saadia Gaon on Genesis,ר' סעדיה גאון על בראשית,chapter,13,0,1,1,1,1,True,
tanakh,Saadia Gaon on Numbers,ר' סעדיה גאון על במדבר,verse,2,0,0,1,2,2,True,
tanakh,Sefer Daniel; Opportunity in Exile,ספר דניאל; הגלות כהזדמנות,chapter,706,0,0,13,1,1,True,
tanakh,Sforno on Deuteronomy,ספורנו על דברים,verse,684,1,14,20,3,3,True,
tanakh,Sforno on Exodus,ספורנו על שמות,verse,820,3,18,21,4,4,True,
tanakh,Sforno on Genesis,ספורנו על בראשית,chapter,1270,2,0,50,4,6,True,
tanakh,Sforno on Leviticus,ספורנו על ויקרא,verse,315,0,12,13,3,4,True,
tanakh,Sforno on Numbers,ספורנו על במדבר,verse,503,0,17,18,3,3,True,
tanakh,Shadal on Deuteronomy,"שד""ל על דברים",verse,2,0,0,2,1,1,True,
tanakh,Shadal on Exodus,"שד""ל על שמות",verse,37,3,0,7,1,1,True,
tanakh,Shadal on Genesis,"שד""ל על בראשית",verse,91,0,1,4,1,2,True,
tanakh,Shadal on Leviticus,"שד""ל על ויקרא",verse,6,0,0,4,1,1,True,
tanakh,Shadal on Numbers,"שד""ל על במדבר",verse,7,0,0,4,1,1,True,
tanakh,Shelom Esther,שלום אסתר,chapter,4,0,0,4,1,1,True,
tanakh,Siftei Chakhamim,שפתי חכמים,chapter,5827,17,0,5,2,2,True,
tanakh,Song of Songs,שיר השירים,verse,117,0,8,0,6,15,True,
tanakh,Tafsir Rasag,"תפסיר רס""ג",chapter,326,37,0,4,1,1,True,
tanakh,Targum Jerusalem,תרגום ירושלמי,chapter,4106,3254,0,5,2,2,True,
tanakh,Targum Jonathan on Deuteronomy,תרגום יונתן על דברים,verse,956,0,34,0,3,3,True,
tanakh,Targum Jonathan on Exodus,תרגום יונתן על שמות,verse,1210,10,33,7,3,3,True,
tanakh,Targum Jonathan on Ezekiel,תרגום יונתן על יחזקאל,verse,63,47,0,1,1,1,True,
tanakh,Targum Jonathan on Genesis,תרגום יונתן על בראשית,verse,1530,11,41,9,4,4,True,
tanakh,Targum Jonathan on Isaiah,תרגום יונתן על ישעיהו,verse,1291,1,65,1,1,2,True,
tanakh,Targum Jonathan on Jeremiah,תרגום יונתן על ירמיהו,verse,40,0,1,0,1,1,True,
tanakh,Targum Jonathan on Jonah,תרגום יונתן על יונה,verse,48,0,4,0,1,1,True,
tanakh,Targum Jonathan on Leviticus,תרגום יונתן על ויקרא,verse,859,1,26,1,2,2,True,
tanakh,Targum Jonathan on Malachi,תרגום יונתן על מלאכי,verse,11,8,0,2,1,1,True,
tanakh,Targum Jonathan on Numbers,תרגום יונתן על במדבר,verse,1288,4,33,3,3,4,True,
tanakh,Targum Jonathan on Obadiah,תרגום יונתן על עובדיה,verse,18,17,0,1,1,2,True,
tanakh,Targum Jonathan on Zechariah,תרגום יונתן על זכריה,verse,9,8,0,1,1,1,True,
tanakh,Targum Neofiti,תרגום ניאופיטי,verse,8,0,1,0,1,1,True,
tanakh,Targum Sheni on Esther,תרגום שני על אסתר,verse,15,8,0,4,1,2,True,
tanakh,Targum of I Chronicles,תרגום דברי הימים א,verse,86,36,1,2,1,1,True,
tanakh,Toledot Yitzchak on Torah,תולדות יצחק על התורה,chapter,1,0,0,1,1,2,True,
tanakh,Torah Temimah on Torah,תורה תמימה על התורה,chapter,31,5,0,5,2,2,True,
tanakh,Tur HaArokh,הטור הארוך,chapter,2790,4,0,5,2,3,True,
tanakh,Tze'enah Ure'enah,צאינה וראינה,chapter,5143,0,0,57,1,2,True,
tanakh,Tzror HaMor on Torah,צרור המור על התורה,chapter,6,2,0,2,1,1,True,
tanakh,Zechariah,זכריה,verse,211,0,14,0,2,9,True,
tanakh,Zephaniah,צפניה,verse,53,0,3,0,2,10,True,
